Proteotoxic Stress Proteins		
This table was generated by retriving a list of heat shock and autophagy proteins found in both the UniProt and ProteinAtlas datasets to ensure high-confidence data		
		
Protein names	Gene Names	Gene Ontology (biological process)
Adenosine receptor A1	ADORA1	adenylate cyclase-inhibiting G protein-coupled receptor signaling pathway [GO:0007193]; apoptotic signaling pathway [GO:0097190]; cell-cell signaling [GO:0007267]; cognition [GO:0050890]; detection of temperature stimulus involved in sensory perception of pain [GO:0050965]; excitatory postsynaptic potential [GO:0060079]; fatty acid homeostasis [GO:0055089]; G protein-coupled purinergic nucleotide receptor signaling pathway [GO:0035589]; G protein-coupled receptor signaling pathway [GO:0007186]; inflammatory response [GO:0006954]; leukocyte migration [GO:0050900]; lipid catabolic process [GO:0016042]; long-term synaptic depression [GO:0060292]; mucus secretion [GO:0070254]; negative regulation of acute inflammatory response [GO:0002674]; negative regulation of apoptotic process [GO:0043066]; negative regulation of cell population proliferation [GO:0008285]; negative regulation of circadian sleep/wake cycle, non-REM sleep [GO:0042323]; negative regulation of glutamate secretion [GO:0014050]; negative regulation of hormone secretion [GO:0046888]; negative regulation of leukocyte migration [GO:0002686]; negative regulation of lipid catabolic process [GO:0050995]; negative regulation of long-term synaptic depression [GO:1900453]; negative regulation of long-term synaptic potentiation [GO:1900272]; negative regulation of mucus secretion [GO:0070256]; negative regulation of neurotrophin production [GO:0032900]; negative regulation of synaptic transmission, GABAergic [GO:0032229]; negative regulation of synaptic transmission, glutamatergic [GO:0051967]; negative regulation of systemic arterial blood pressure [GO:0003085]; nervous system development [GO:0007399]; phagocytosis [GO:0006909]; positive regulation of dephosphorylation [GO:0035306]; positive regulation of lipid catabolic process [GO:0050996]; positive regulation of MAPK cascade [GO:0043410]; positive regulation of nucleoside transport [GO:0032244]; positive regulation of peptide secretion [GO:0002793]; positive regulation of potassium ion transport [GO:0043268]; positive regulation of systemic arterial blood pressure [GO:0003084]; protein targeting to membrane [GO:0006612]; regulation of cardiac muscle cell contraction [GO:0086004]; regulation of glomerular filtration [GO:0003093]; regulation of presynaptic cytosolic calcium ion concentration [GO:0099509]; regulation of respiratory gaseous exchange by nervous system process [GO:0002087]; regulation of sensory perception of pain [GO:0051930]; response to hypoxia [GO:0001666]; response to purine-containing compound [GO:0014074]; signal transduction [GO:0007165]; temperature homeostasis [GO:0001659]; triglyceride homeostasis [GO:0070328]; vasodilation [GO:0042311]
Activator of 90 kDa heat shock protein ATPase homolog 1 (AHA1) (p38)	AHSA1 C14orf3 HSPC322	maintenance of unfolded protein [GO:0036506]; positive regulation of ATP-dependent activity [GO:0032781]; protein folding [GO:0006457]
Apoptotic protease-activating factor 1 (APAF-1)	APAF1 KIAA0413	apoptotic process [GO:0006915]; cardiac muscle cell apoptotic process [GO:0010659]; cell differentiation [GO:0030154]; cellular response to transforming growth factor beta stimulus [GO:0071560]; forebrain development [GO:0030900]; intrinsic apoptotic signaling pathway [GO:0097193]; intrinsic apoptotic signaling pathway in response to endoplasmic reticulum stress [GO:0070059]; kidney development [GO:0001822]; nervous system development [GO:0007399]; neural tube closure [GO:0001843]; neuron apoptotic process [GO:0051402]; positive regulation of apoptotic process [GO:0043065]; positive regulation of apoptotic signaling pathway [GO:2001235]; regulation of apoptotic DNA fragmentation [GO:1902510]; regulation of apoptotic process [GO:0042981]; response to G1 DNA damage checkpoint signaling [GO:0072432]; response to hypoxia [GO:0001666]; response to nutrient [GO:0007584]
BAG family molecular chaperone regulator 4 (BAG-4) (Bcl-2-associated athanogene 4) (Silencer of death domains)	BAG4 SODD	cellular response to epidermal growth factor stimulus [GO:0071364]; cellular response to tumor necrosis factor [GO:0071356]; negative regulation of apoptotic process [GO:0043066]; negative regulation of mRNA modification [GO:0090367]; negative regulation of protein targeting to mitochondrion [GO:1903215]; positive regulation of actin filament polymerization [GO:0030838]; positive regulation of cell adhesion [GO:0045785]; positive regulation of fibroblast migration [GO:0010763]; positive regulation of phosphatidylinositol 3-kinase/protein kinase B signal transduction [GO:0051897]; positive regulation of stress fiber assembly [GO:0051496]; protein folding [GO:0006457]; protein localization to plasma membrane [GO:0072659]; protein stabilization [GO:0050821]; ruffle assembly [GO:0097178]
Bcl-2 homologous antagonist/killer (Apoptosis regulator BAK) (Bcl-2-like protein 7) (Bcl2-L-7)	BAK1 BAK BCL2L7 CDN1	animal organ regeneration [GO:0031100]; apoptotic process [GO:0006915]; apoptotic process involved in blood vessel morphogenesis [GO:1902262]; apoptotic signaling pathway [GO:0097190]; B cell apoptotic process [GO:0001783]; B cell homeostasis [GO:0001782]; B cell negative selection [GO:0002352]; blood vessel remodeling [GO:0001974]; calcium ion transport into cytosol [GO:0060402]; cellular response to mechanical stimulus [GO:0071260]; cellular response to unfolded protein [GO:0034620]; cellular response to UV [GO:0034644]; endocrine pancreas development [GO:0031018]; endoplasmic reticulum calcium ion homeostasis [GO:0032469]; epithelial cell proliferation [GO:0050673]; establishment or maintenance of transmembrane electrochemical gradient [GO:0010248]; extrinsic apoptotic signaling pathway in absence of ligand [GO:0097192]; fibroblast apoptotic process [GO:0044346]; intrinsic apoptotic signaling pathway [GO:0097193]; intrinsic apoptotic signaling pathway in response to DNA damage [GO:0008630]; intrinsic apoptotic signaling pathway in response to endoplasmic reticulum stress [GO:0070059]; limb morphogenesis [GO:0035108]; mitochondrial fusion [GO:0008053]; myeloid cell homeostasis [GO:0002262]; negative regulation of cell population proliferation [GO:0008285]; negative regulation of endoplasmic reticulum calcium ion concentration [GO:0032471]; negative regulation of gene expression [GO:0010629]; negative regulation of mitochondrial outer membrane permeabilization involved in apoptotic signaling pathway [GO:1901029]; negative regulation of release of cytochrome c from mitochondria [GO:0090201]; positive regulation of apoptotic process [GO:0043065]; positive regulation of calcium ion transport into cytosol [GO:0010524]; positive regulation of IRE1-mediated unfolded protein response [GO:1903896]; positive regulation of mitochondrial outer membrane permeabilization involved in apoptotic signaling pathway [GO:1901030]; positive regulation of protein-containing complex assembly [GO:0031334]; positive regulation of proteolysis [GO:0045862]; positive regulation of release of cytochrome c from mitochondria [GO:0090200]; post-embryonic camera-type eye morphogenesis [GO:0048597]; regulation of cell cycle [GO:0051726]; regulation of mitochondrial membrane permeability [GO:0046902]; regulation of mitochondrial membrane potential [GO:0051881]; release of cytochrome c from mitochondria [GO:0001836]; response to ethanol [GO:0045471]; response to fungus [GO:0009620]; response to gamma radiation [GO:0010332]; response to hydrogen peroxide [GO:0042542]; response to mycotoxin [GO:0010046]; response to UV-C [GO:0010225]; response to xenobiotic stimulus [GO:0009410]; thymocyte apoptotic process [GO:0070242]; vagina development [GO:0060068]
BCL-6 corepressor (BCoR)	BCOR KIAA1575	blastocyst hatching [GO:0001835]; chromatin remodeling [GO:0006338]; heart development [GO:0007507]; negative regulation of bone mineralization [GO:0030502]; negative regulation of DNA-templated transcription [GO:0045892]; negative regulation of tooth mineralization [GO:0070171]; negative regulation of transcription by RNA polymerase II [GO:0000122]; odontogenesis [GO:0042476]; roof of mouth development [GO:0060021]; specification of axis polarity [GO:0065001]
Calmodulin-lysine N-methyltransferase (CLNMT) (CaM KMT) (EC 2.1.1.60)	CAMKMT C2orf34 CLNMT	methylation [GO:0032259]; mitochondrion organization [GO:0007005]; regulation of opsin-mediated signaling pathway [GO:0022400]
Hsp90 co-chaperone Cdc37 (Hsp90 chaperone protein kinase-targeting subunit) (p50Cdc37) [Cleaved into: Hsp90 co-chaperone Cdc37, N-terminally processed]	CDC37 CDC37A	positive regulation of type 2 mitophagy [GO:1905091]; post-transcriptional regulation of gene expression [GO:0010608]; protein folding [GO:0006457]; protein stabilization [GO:0050821]; protein targeting [GO:0006605]; regulation of cyclin-dependent protein serine/threonine kinase activity [GO:0000079]; regulation of type I interferon-mediated signaling pathway [GO:0060338]; regulation of type II interferon-mediated signaling pathway [GO:0060334]
Hsp90 co-chaperone Cdc37-like 1 (Hsp90-associating relative of Cdc37)	CDC37L1 CDC37B HARC	protein folding [GO:0006457]; protein stabilization [GO:0050821]
Cornulin (53 kDa putative calcium-binding protein) (53 kDa squamous epithelial-induced stress protein) (58 kDa heat shock protein) (Squamous epithelial heat shock protein 53) (Tumor-related protein)	CRNN C1orf10 DRC1 PDRC1 SEP53	cell-cell adhesion [GO:0098609]; cellular response to cytokine stimulus [GO:0071345]; positive regulation of cell cycle G1/S phase transition [GO:1902808]; positive regulation of keratinocyte proliferation [GO:0010838]; positive regulation of NF-kappaB transcription factor activity [GO:0051092]; regulation of gene expression [GO:0010468]; regulation of phosphatidylinositol 3-kinase/protein kinase B signal transduction [GO:0051896]; response to heat [GO:0009408]
Alpha-crystallin A chain (Heat shock protein beta-4) (HspB4) (Heat shock protein family B member 4) [Cleaved into: Alpha-crystallin A(1-172); Alpha-crystallin A(1-168); Alpha-crystallin A(1-162)]	CRYAA CRYA1 HSPB4	actin filament organization [GO:0007015]; apoptotic process involved in morphogenesis [GO:0060561]; embryonic camera-type eye morphogenesis [GO:0048596]; glutathione biosynthetic process [GO:0006750]; lens development in camera-type eye [GO:0002088]; lens fiber cell morphogenesis [GO:0070309]; microtubule-based process [GO:0007017]; mitochondrion organization [GO:0007005]; negative regulation of apoptotic process [GO:0043066]; negative regulation of gene expression [GO:0010629]; negative regulation of intracellular transport [GO:0032387]; positive regulation of cell growth [GO:0030307]; protein refolding [GO:0042026]; protein stabilization [GO:0050821]; response to heat [GO:0009408]; response to hydrogen peroxide [GO:0042542]; response to hypoxia [GO:0001666]; response to UV-A [GO:0070141]; tubulin complex assembly [GO:0007021]; visual perception [GO:0007601]
Alpha-crystallin B chain (Alpha(B)-crystallin) (Heat shock protein beta-5) (HspB5) (Heat shock protein family B member 5) (Renal carcinoma antigen NY-REN-27) (Rosenthal fiber component)	CRYAB CRYA2 HSPB5	apoptotic process involved in morphogenesis [GO:0060561]; cellular response to gamma radiation [GO:0071480]; glutathione metabolic process [GO:0006749]; lens development in camera-type eye [GO:0002088]; microtubule polymerization or depolymerization [GO:0031109]; muscle contraction [GO:0006936]; muscle organ development [GO:0007517]; negative regulation of amyloid fibril formation [GO:1905907]; negative regulation of apoptotic process [GO:0043066]; negative regulation of cell growth [GO:0030308]; negative regulation of DNA-templated transcription [GO:0045892]; negative regulation of gene expression [GO:0010629]; negative regulation of intracellular transport [GO:0032387]; negative regulation of protein-containing complex assembly [GO:0031333]; negative regulation of reactive oxygen species metabolic process [GO:2000378]; protein folding [GO:0006457]; protein refolding [GO:0042026]; protein stabilization [GO:0050821]; regulation of programmed cell death [GO:0043067]; response to estradiol [GO:0032355]; response to heat [GO:0009408]; response to hydrogen peroxide [GO:0042542]; response to hypoxia [GO:0001666]; stress-activated MAPK cascade [GO:0051403]; tubulin complex assembly [GO:0007021]
Death domain-associated protein 6 (Daxx) (hDaxx) (ETS1-associated protein 1) (EAP1) (Fas death domain-associated protein)	DAXX BING2 DAP6	androgen receptor signaling pathway [GO:0030521]; cellular response to cadmium ion [GO:0071276]; cellular response to copper ion [GO:0071280]; cellular response to diamide [GO:0072738]; cellular response to heat [GO:0034605]; cellular response to sodium arsenite [GO:1903936]; cellular response to unfolded protein [GO:0034620]; chromatin remodeling [GO:0006338]; extrinsic apoptotic signaling pathway via death domain receptors [GO:0008625]; JNK cascade [GO:0007254]; negative regulation of DNA-templated transcription [GO:0045892]; negative regulation of gene expression [GO:0010629]; neuron intrinsic apoptotic signaling pathway in response to oxidative stress [GO:0036480]; nucleosome assembly [GO:0006334]; regulation of apoptotic process [GO:0042981]; regulation of DNA-templated transcription [GO:0006355]; regulation of gene expression [GO:0010468]; regulation of protein ubiquitination [GO:0031396]
DnaJ homolog subfamily A member 1 (DnaJ protein homolog 2) (HSDJ) (Heat shock 40 kDa protein 4) (Heat shock protein J2) (HSJ-2) (Human DnaJ protein 2) (hDj-2)	DNAJA1 DNAJ2 HDJ2 HSJ2 HSPF4	negative regulation of apoptotic process [GO:0043066]; negative regulation of establishment of protein localization to mitochondrion [GO:1903748]; negative regulation of JUN kinase activity [GO:0043508]; negative regulation of nitrosative stress-induced intrinsic apoptotic signaling pathway [GO:1905259]; negative regulation of protein ubiquitination [GO:0031397]; positive regulation of apoptotic process [GO:0043065]; protein folding [GO:0006457]; protein localization to mitochondrion [GO:0070585]; protein refolding [GO:0042026]; regulation of protein transport [GO:0051223]; response to heat [GO:0009408]; response to unfolded protein [GO:0006986]
DnaJ homolog subfamily A member 2 (Cell cycle progression restoration gene 3 protein) (Dnj3) (Dj3) (HIRA-interacting protein 4) (Renal carcinoma antigen NY-REN-14)	DNAJA2 CPR3 HIRIP4	positive regulation of cell population proliferation [GO:0008284]; protein refolding [GO:0042026]; response to heat [GO:0009408]
DnaJ homolog subfamily A member 3, mitochondrial (DnaJ protein Tid-1) (hTid-1) (Hepatocellular carcinoma-associated antigen 57) (Tumorous imaginal discs protein Tid56 homolog)	DNAJA3 HCA57 TID1	activation-induced cell death of T cells [GO:0006924]; cellular senescence [GO:0090398]; mitochondrial DNA replication [GO:0006264]; mitochondrion organization [GO:0007005]; negative regulation of apoptotic process [GO:0043066]; negative regulation of canonical NF-kappaB signal transduction [GO:0043124]; negative regulation of cell population proliferation [GO:0008285]; negative regulation of programmed cell death [GO:0043069]; negative regulation of transcription by RNA polymerase II [GO:0000122]; negative regulation of type II interferon-mediated signaling pathway [GO:0060336]; neuromuscular junction development [GO:0007528]; positive regulation of apoptotic process [GO:0043065]; positive regulation of protein ubiquitination [GO:0031398]; positive regulation of T cell proliferation [GO:0042102]; protein folding [GO:0006457]; protein stabilization [GO:0050821]; response to heat [GO:0009408]; response to type II interferon [GO:0034341]; skeletal muscle acetylcholine-gated channel clustering [GO:0071340]; small GTPase-mediated signal transduction [GO:0007264]; T cell differentiation in thymus [GO:0033077]
DnaJ homolog subfamily A member 4	DNAJA4	negative regulation of endothelial cell migration [GO:0010596]; negative regulation of inclusion body assembly [GO:0090084]; positive regulation of gene expression [GO:0010628]; protein refolding [GO:0042026]; response to heat [GO:0009408]
DnaJ homolog subfamily B member 1 (DnaJ protein homolog 1) (Heat shock 40 kDa protein 1) (HSP40) (Heat shock protein 40) (Human DnaJ protein 1) (hDj-1)	DNAJB1 DNAJ1 HDJ1 HSPF1	cellular response to heat [GO:0034605]; forebrain development [GO:0030900]; negative regulation of inclusion body assembly [GO:0090084]; negative regulation of transcription by RNA polymerase II [GO:0000122]; positive regulation of protein folding [GO:1903334]; protein folding [GO:0006457]; regulation of cellular response to heat [GO:1900034]; response to unfolded protein [GO:0006986]
DnaJ homolog subfamily B member 2 (Heat shock 40 kDa protein 3) (Heat shock protein J1) (HSJ-1)	DNAJB2 HSJ1 HSPF3	ERAD pathway [GO:0036503]; negative regulation of cell growth [GO:0030308]; negative regulation of cell population proliferation [GO:0008285]; negative regulation of inclusion body assembly [GO:0090084]; negative regulation of protein binding [GO:0032091]; negative regulation of protein deubiquitination [GO:0090086]; neuron cellular homeostasis [GO:0070050]; positive regulation of ATP-dependent activity [GO:0032781]; positive regulation of proteasomal ubiquitin-dependent protein catabolic process [GO:0032436]; positive regulation of protein ubiquitination [GO:0031398]; proteasome-mediated ubiquitin-dependent protein catabolic process [GO:0043161]; protein folding [GO:0006457]; protein refolding [GO:0042026]; regulation of protein folding [GO:1903332]; regulation of protein localization [GO:0032880]; regulation of protein ubiquitination [GO:0031396]; response to unfolded protein [GO:0006986]
DnaJ homolog subfamily B member 4 (Heat shock 40 kDa protein 1 homolog) (HSP40 homolog) (Heat shock protein 40 homolog) (Human liver DnaJ-like protein)	DNAJB4 DNAJW HLJ1	negative regulation of transcription by RNA polymerase II [GO:0000122]; protein folding [GO:0006457]; response to heat [GO:0009408]; response to unfolded protein [GO:0006986]
DnaJ homolog subfamily B member 5 (Heat shock protein Hsp40-2) (Heat shock protein Hsp40-3) (Heat shock protein cognate 40) (Hsc40)	DNAJB5 HSC40	negative regulation of transcription by RNA polymerase II [GO:0000122]; protein folding [GO:0006457]; response to unfolded protein [GO:0006986]
DnaJ homolog subfamily B member 6 (HHDJ1) (Heat shock protein J2) (HSJ-2) (MRJ) (MSJ-1)	DNAJB6 HSJ2 MRJ MSJ1	actin cytoskeleton organization [GO:0030036]; chorio-allantoic fusion [GO:0060710]; chorion development [GO:0060717]; extracellular matrix organization [GO:0030198]; intermediate filament organization [GO:0045109]; negative regulation of DNA-templated transcription [GO:0045892]; negative regulation of inclusion body assembly [GO:0090084]; nervous system process [GO:0050877]; protein folding [GO:0006457]; protein localization to nucleus [GO:0034504]; regulation of cellular response to heat [GO:1900034]; regulation of protein localization [GO:0032880]; syncytiotrophoblast cell differentiation involved in labyrinthine layer development [GO:0060715]
DnaJ homolog subfamily B member 7	DNAJB7 HSC3	
DnaJ homolog subfamily B member 8	DNAJB8	negative regulation of inclusion body assembly [GO:0090084]; protein folding [GO:0006457]
DnaJ homolog subfamily C member 13 (Required for receptor-mediated endocytosis 8) (RME-8)	DNAJC13 KIAA0678 RME8	endosome organization [GO:0007032]; osteoblast differentiation [GO:0001649]; protein transport [GO:0015031]; receptor-mediated endocytosis [GO:0006898]; regulation of early endosome to late endosome transport [GO:2000641]; regulation of early endosome to recycling endosome transport [GO:1902954]
DnaJ homolog subfamily C member 2 (M-phase phosphoprotein 11) (Zuotin-related factor 1) [Cleaved into: DnaJ homolog subfamily C member 2, N-terminally processed]	DNAJC2 MPHOSPH11 MPP11 ZRF1	de novo' cotranslational protein folding [GO:0051083]; DNA replication [GO:0006260]; negative regulation of DNA biosynthetic process [GO:2000279]; positive regulation of DNA-templated transcription [GO:0045893]; regulation of cellular response to heat [GO:1900034]; regulation of translational fidelity [GO:0006450]
DnaJ homolog subfamily C member 3 (Endoplasmic reticulum DNA J domain-containing protein 6) (ER-resident protein ERdj6) (ERdj6) (Interferon-induced, double-stranded RNA-activated protein kinase inhibitor) (Protein kinase inhibitor of 58 kDa) (Protein kinase inhibitor p58)	DNAJC3 P58IPK PRKRI	cellular response to cold [GO:0070417]; defense response to virus [GO:0051607]; negative regulation of apoptotic process [GO:0043066]; negative regulation of endoplasmic reticulum stress-induced eIF2 alpha phosphorylation [GO:1903912]; negative regulation of translation in response to endoplasmic reticulum stress [GO:1902010]; positive regulation of translation initiation in response to endoplasmic reticulum stress [GO:0036494]; protein folding in endoplasmic reticulum [GO:0034975]; proteolysis involved in protein catabolic process [GO:0051603]; response to unfolded protein [GO:0006986]
Auxilin (EC 3.1.3.-) (DnaJ homolog subfamily C member 6)	DNAJC6 KIAA0473	clathrin coat disassembly [GO:0072318]; clathrin-dependent endocytosis [GO:0072583]; intracellular transport [GO:0046907]; regulation of clathrin coat assembly [GO:1905443]; regulation of clathrin-dependent endocytosis [GO:2000369]; synaptic vesicle recycling [GO:0036465]; synaptic vesicle uncoating [GO:0016191]
DnaJ homolog subfamily C member 7 (Tetratricopeptide repeat protein 2) (TPR repeat protein 2)	DNAJC7 TPR2 TTC2	protein folding [GO:0006457]; regulation of cellular response to heat [GO:1900034]
DnaJ homolog subfamily C member 9 (HDJC9) (DnaJ protein SB73)	DNAJC9	nucleosome assembly [GO:0006334]; positive regulation of ATP-dependent activity [GO:0032781]
EEF1A lysine methyltransferase 3 (EC 2.1.1.-) (Hepatocellular carcinoma-associated antigen 557a) (Methyltransferase-like protein 21B) (Protein-lysine methyltransferase METTL21B) (eEF1A-KMT3)	EEF1AKMT3 FAM119B HCA557A METTL21B	peptidyl-lysine methylation [GO:0018022]
Elongation factor 1-delta (EF-1-delta) (Antigen NY-CO-4)	EEF1D EF1D	cellular response to heat [GO:0034605]; cellular response to ionizing radiation [GO:0071479]; cytoplasmic translational elongation [GO:0002182]; positive regulation of transcription by RNA polymerase II [GO:0045944]; translational elongation [GO:0006414]
Electron transfer flavoprotein beta subunit lysine methyltransferase (EC 2.1.1.-) (ETFB lysine methyltransferase) (ETFB-KMT) (Protein N-lysine methyltransferase METTL20)	ETFBKMT C12orf72 METTL20	methylation [GO:0032259]; negative regulation of fatty acid beta-oxidation using acyl-CoA dehydrogenase [GO:1904736]
FAS-associated factor 1 (hFAF1) (UBX domain-containing protein 12) (UBX domain-containing protein 3A)	FAF1 UBXD12 UBXN3A CGI-03	apoptotic process [GO:0006915]; ERAD pathway [GO:0036503]; Fas signaling pathway [GO:0036337]; negative regulation of canonical NF-kappaB signal transduction [GO:0043124]; positive regulation of apoptotic process [GO:0043065]; positive regulation of DNA replication [GO:0045740]; positive regulation of extrinsic apoptotic signaling pathway via death domain receptors [GO:1902043]; positive regulation of protein catabolic process [GO:0045732]; proteasome-mediated ubiquitin-dependent protein catabolic process [GO:0043161]; regulation of cell adhesion [GO:0030155]; regulation of protein catabolic process [GO:0042176]
Peptidyl-prolyl cis-trans isomerase FKBP4 (PPIase FKBP4) (EC 5.2.1.8) (51 kDa FK506-binding protein) (FKBP51) (52 kDa FK506-binding protein) (52 kDa FKBP) (FKBP-52) (59 kDa immunophilin) (p59) (FK506-binding protein 4) (FKBP-4) (FKBP59) (HSP-binding immunophilin) (HBI) (Immunophilin FKBP52) (Rotamase) [Cleaved into: Peptidyl-prolyl cis-trans isomerase FKBP4, N-terminally processed]	FKBP4 FKBP52	androgen receptor signaling pathway [GO:0030521]; copper ion transport [GO:0006825]; embryo implantation [GO:0007566]; male sex differentiation [GO:0046661]; negative regulation of microtubule polymerization [GO:0031115]; negative regulation of microtubule polymerization or depolymerization [GO:0031111]; negative regulation of neuron projection development [GO:0010977]; prostate gland development [GO:0030850]; protein folding [GO:0006457]; protein-containing complex localization [GO:0031503]; steroid hormone receptor complex assembly [GO:0006463]
Peptidyl-prolyl cis-trans isomerase FKBP5 (PPIase FKBP5) (EC 5.2.1.8) (51 kDa FK506-binding protein) (51 kDa FKBP) (FKBP-51) (54 kDa progesterone receptor-associated immunophilin) (Androgen-regulated protein 6) (FF1 antigen) (FK506-binding protein 5) (FKBP-5) (FKBP54) (p54) (HSP90-binding immunophilin) (Rotamase)	FKBP5 AIG6 FKBP51	negative regulation of phosphatidylinositol 3-kinase/protein kinase B signal transduction [GO:0051898]; protein folding [GO:0006457]; response to alcohol [GO:0097305]; response to bacterium [GO:0009617]; response to cocaine [GO:0042220]
Prosaposin receptor GPR37 (Endothelin B receptor-like protein 1) (ETBR-LP-1) (G-protein coupled receptor 37) (Parkin-associated endothelin receptor-like receptor) (PAELR)	GPR37	adenylate cyclase-inhibiting G protein-coupled receptor signaling pathway [GO:0007193]; cellular response to reactive oxygen species [GO:0034614]; dendrite development [GO:0016358]; dopamine biosynthetic process [GO:0042416]; G protein-coupled receptor signaling pathway [GO:0007186]; locomotion involved in locomotory behavior [GO:0031987]; neuropeptide signaling pathway [GO:0007218]; positive regulation of dopamine metabolic process [GO:0045964]; positive regulation of MAPK cascade [GO:0043410]
Histone deacetylase 2 (HD2) (EC 3.5.1.98) (Protein deacylase HDAC2) (EC 3.5.1.-)	HDAC2	behavioral response to ethanol [GO:0048149]; cardiac muscle hypertrophy [GO:0003300]; cellular response to dopamine [GO:1903351]; cellular response to heat [GO:0034605]; cellular response to hydrogen peroxide [GO:0070301]; cellular response to retinoic acid [GO:0071300]; cellular response to transforming growth factor beta stimulus [GO:0071560]; chromatin remodeling [GO:0006338]; circadian regulation of gene expression [GO:0032922]; dendrite development [GO:0016358]; embryonic digit morphogenesis [GO:0042733]; epidermal cell differentiation [GO:0009913]; eyelid development in camera-type eye [GO:0061029]; fungiform papilla formation [GO:0061198]; hair follicle placode formation [GO:0060789]; heterochromatin formation [GO:0031507]; negative regulation of apoptotic process [GO:0043066]; negative regulation of cell migration [GO:0030336]; negative regulation of dendritic spine development [GO:0061000]; negative regulation of DNA-templated transcription [GO:0045892]; negative regulation of neuron projection development [GO:0010977]; negative regulation of stem cell population maintenance [GO:1902455]; negative regulation of transcription by competitive promoter binding [GO:0010944]; negative regulation of transcription by RNA polymerase II [GO:0000122]; negative regulation of transforming growth factor beta receptor signaling pathway [GO:0030512]; odontogenesis of dentin-containing tooth [GO:0042475]; positive regulation of cell population proliferation [GO:0008284]; positive regulation of DNA-templated transcription [GO:0045893]; positive regulation of epithelial to mesenchymal transition [GO:0010718]; positive regulation of interleukin-1 production [GO:0032732]; positive regulation of intracellular estrogen receptor signaling pathway [GO:0033148]; positive regulation of male mating behavior [GO:1902437]; positive regulation of oligodendrocyte differentiation [GO:0048714]; positive regulation of proteolysis [GO:0045862]; positive regulation of stem cell population maintenance [GO:1902459]; positive regulation of transcription by RNA polymerase II [GO:0045944]; positive regulation of tumor necrosis factor production [GO:0032760]; progesterone receptor signaling pathway [GO:0050847]; regulation of cell fate specification [GO:0042659]; regulation of stem cell differentiation [GO:2000736]; response to amphetamine [GO:0001975]; response to amyloid-beta [GO:1904645]; response to caffeine [GO:0031000]; response to cocaine [GO:0042220]; response to hyperoxia [GO:0055093]; response to lipopolysaccharide [GO:0032496]; response to nicotine [GO:0035094]; response to xenobiotic stimulus [GO:0009410]
Protein Hikeshi	HIKESHI C11orf73 HSPC138 HSPC179 HSPC248	cellular response to heat [GO:0034605]; Golgi organization [GO:0007030]; lung development [GO:0030324]; protein import into nucleus [GO:0006606]; protein transport [GO:0015031]
Heterogeneous nuclear ribonucleoprotein H3 (hnRNP H3) (Heterogeneous nuclear ribonucleoprotein 2H9) (hnRNP 2H9)	HNRNPH3 HNRPH3	epithelial cell differentiation [GO:0030855]; mRNA splicing, via spliceosome [GO:0000398]; regulation of RNA splicing [GO:0043484]; RNA processing [GO:0006396]; RNA splicing [GO:0008380]
Heat shock factor-binding protein 1-like protein 1	HSBP1L1	cellular heat acclimation [GO:0070370]
Heat shock factor protein 1 (HSF 1) (Heat shock transcription factor 1) (HSTF 1)	HSF1 HSTF1	cellular response to angiotensin [GO:1904385]; cellular response to cadmium ion [GO:0071276]; cellular response to copper ion [GO:0071280]; cellular response to diamide [GO:0072738]; cellular response to estradiol stimulus [GO:0071392]; cellular response to gamma radiation [GO:0071480]; cellular response to heat [GO:0034605]; cellular response to hydrogen peroxide [GO:0070301]; cellular response to L-glutamine [GO:1904845]; cellular response to lipopolysaccharide [GO:0071222]; cellular response to nitroglycerin [GO:1904843]; cellular response to potassium ion [GO:0035865]; cellular response to sodium arsenite [GO:1903936]; cellular response to unfolded protein [GO:0034620]; cellular response to xenobiotic stimulus [GO:0071466]; defense response [GO:0006952]; DNA repair [GO:0006281]; embryonic placenta development [GO:0001892]; embryonic process involved in female pregnancy [GO:0060136]; epithelial cell proliferation [GO:0050673]; female meiotic nuclear division [GO:0007143]; MAPK cascade [GO:0000165]; mRNA processing [GO:0006397]; mRNA transport [GO:0051028]; negative regulation of cardiac muscle cell apoptotic process [GO:0010667]; negative regulation of double-strand break repair via nonhomologous end joining [GO:2001033]; negative regulation of epithelial cell proliferation [GO:0050680]; negative regulation of inclusion body assembly [GO:0090084]; negative regulation of protein-containing complex assembly [GO:0031333]; negative regulation of transcription by RNA polymerase II [GO:0000122]; negative regulation of tumor necrosis factor production [GO:0032720]; positive regulation of apoptotic DNA fragmentation [GO:1902512]; positive regulation of apoptotic signaling pathway [GO:2001235]; positive regulation of cold-induced thermogenesis [GO:0120162]; positive regulation of gene expression [GO:0010628]; positive regulation of inclusion body assembly [GO:0090261]; positive regulation of macrophage differentiation [GO:0045651]; positive regulation of mitotic cell cycle [GO:0045931]; positive regulation of multicellular organism growth [GO:0040018]; positive regulation of stress granule assembly [GO:0062029]; positive regulation of transcription by RNA polymerase II [GO:0045944]; protein-containing complex assembly [GO:0065003]; regulation of cellular response to heat [GO:1900034]; regulation of transcription by RNA polymerase II [GO:0006357]; response to activity [GO:0014823]; response to hypobaric hypoxia [GO:1990910]; response to nutrient [GO:0007584]; response to peptide [GO:1901652]; response to psychosocial stress [GO:1990911]; response to testosterone [GO:0033574]; spermatogenesis [GO:0007283]
Heat shock factor 2-binding protein	HSF2BP MEILB2	double-strand break repair involved in meiotic recombination [GO:1990918]; female meiosis I [GO:0007144]; male meiosis I [GO:0007141]; spermatogenesis [GO:0007283]; transcription by RNA polymerase II [GO:0006366]
Heat shock factor protein 4 (HSF 4) (hHSF4) (Heat shock transcription factor 4) (HSTF 4)	HSF4	lens fiber cell differentiation [GO:0070306]; negative regulation of transcription by RNA polymerase II [GO:0000122]
Heat shock factor protein 5 (HSF 5) (Heat shock transcription factor 5) (HSTF 5)	HSF5 HSTF5	cell differentiation [GO:0030154]; male meiotic nuclear division [GO:0007140]; spermatogenesis [GO:0007283]
Heat shock transcription factor, X-linked	HSFX1 LW-1; HSFX2	
Heat shock transcription factor, Y-linked (Heat shock transcription factor 2-like protein) (HSF2-like)	HSFY1 HSF2L HSFY; HSFY2 HSF2L HSFY	
Heat shock protein HSP 90-alpha (EC 3.6.4.10) (Heat shock 86 kDa) (HSP 86) (HSP86) (Heat shock protein family C member 1) (Lipopolysaccharide-associated protein 2) (LAP-2) (LPS-associated protein 2) (Renal carcinoma antigen NY-REN-38)	HSP90AA1 HSP90A HSPC1 HSPCA	activation of innate immune response [GO:0002218]; cardiac muscle cell apoptotic process [GO:0010659]; cellular response to heat [GO:0034605]; cellular response to virus [GO:0098586]; chaperone-mediated autophagy [GO:0061684]; chaperone-mediated protein complex assembly [GO:0051131]; mitochondrial transport [GO:0006839]; neurofibrillary tangle assembly [GO:1902988]; neuron migration [GO:0001764]; nitric oxide metabolic process [GO:0046209]; positive regulation of cardiac muscle contraction [GO:0060452]; positive regulation of cell size [GO:0045793]; positive regulation of defense response to virus by host [GO:0002230]; positive regulation of interferon-beta production [GO:0032728]; positive regulation of lamellipodium assembly [GO:0010592]; positive regulation of nitric oxide biosynthetic process [GO:0045429]; positive regulation of protein catabolic process [GO:0045732]; positive regulation of protein import into nucleus [GO:0042307]; positive regulation of protein polymerization [GO:0032273]; positive regulation of telomere maintenance via telomerase [GO:0032212]; protein folding [GO:0006457]; protein import into mitochondrial matrix [GO:0030150]; protein refolding [GO:0042026]; protein stabilization [GO:0050821]; protein unfolding [GO:0043335]; regulation of apoptotic process [GO:0042981]; regulation of postsynaptic membrane neurotransmitter receptor levels [GO:0099072]; regulation of protein localization [GO:0032880]; regulation of protein ubiquitination [GO:0031396]; regulation of protein-containing complex assembly [GO:0043254]; response to antibiotic [GO:0046677]; response to cocaine [GO:0042220]; response to cold [GO:0009409]; response to estrogen [GO:0043627]; response to heat [GO:0009408]; response to salt stress [GO:0009651]; response to unfolded protein [GO:0006986]; response to xenobiotic stimulus [GO:0009410]; skeletal muscle contraction [GO:0003009]; telomerase holoenzyme complex assembly [GO:1905323]; telomere maintenance via telomerase [GO:0007004]
Heat shock protein HSP 90-alpha A2 (Heat shock 90 kDa protein 1 alpha-like 3) (Heat shock protein HSP 90-alpha A2 pseudogene) (Heat shock protein family C member 2)	HSP90AA2P HSP90AA2 HSPC2 HSPCAL3	cellular response to heat [GO:0034605]; protein folding [GO:0006457]; protein stabilization [GO:0050821]; protein-RNA complex assembly [GO:0022618]
Heat shock protein HSP 90-beta (HSP 90) (Heat shock 84 kDa) (HSP 84) (HSP84) (Heat shock protein family C member 3)	HSP90AB1 HSP90B HSPC2 HSPC3 HSPCB	cellular response to heat [GO:0034605]; cellular response to interleukin-4 [GO:0071353]; chaperone-mediated protein complex assembly [GO:0051131]; negative regulation of apoptotic process [GO:0043066]; negative regulation of proteasomal protein catabolic process [GO:1901799]; negative regulation of proteasomal ubiquitin-dependent protein catabolic process [GO:0032435]; placenta development [GO:0001890]; positive regulation of cell differentiation [GO:0045597]; positive regulation of nitric oxide biosynthetic process [GO:0045429]; positive regulation of protein localization to cell surface [GO:2000010]; positive regulation of transforming growth factor beta receptor signaling pathway [GO:0030511]; protein folding [GO:0006457]; protein stabilization [GO:0050821]; regulation of cell cycle [GO:0051726]; regulation of protein localization [GO:0032880]; regulation of protein ubiquitination [GO:0031396]; response to unfolded protein [GO:0006986]; supramolecular fiber organization [GO:0097435]; telomerase holoenzyme complex assembly [GO:1905323]; telomere maintenance via telomerase [GO:0007004]; virion attachment to host cell [GO:0019062]
Endoplasmin (EC 3.6.4.-) (94 kDa glucose-regulated protein) (GRP-94) (Heat shock protein 90 kDa beta member 1) (Heat shock protein family C member 4) (Tumor rejection antigen 1) (gp96 homolog)	HSP90B1 GRP94 HSPC4 TRA1	actin rod assembly [GO:0031247]; cellular response to ATP [GO:0071318]; cellular response to manganese ion [GO:0071287]; ERAD pathway [GO:0036503]; negative regulation of apoptotic process [GO:0043066]; positive regulation of toll-like receptor signaling pathway [GO:0034123]; positive regulation of Wnt signaling pathway [GO:0030177]; protein folding [GO:0006457]; protein folding in endoplasmic reticulum [GO:0034975]; protein localization to plasma membrane [GO:0072659]; protein transport [GO:0015031]; response to endoplasmic reticulum stress [GO:0034976]; response to hypoxia [GO:0001666]; retrograde protein transport, ER to cytosol [GO:0030970]; sequestering of calcium ion [GO:0051208]
Putative endoplasmin-like protein (Putative heat shock protein 90 kDa beta member 2)	HSP90B2P GRP94B GRP94P1 TRAP1	protein folding [GO:0006457]
Heat shock 70 kDa protein 12A (Heat shock protein family A member 12A)	HSPA12A KIAA0417	import into nucleus [GO:0051170]; inflammatory response [GO:0006954]; liver development [GO:0001889]; macrophage activation [GO:0042116]
Heat shock 70 kDa protein 12B (Heat shock protein family A member 12B)	HSPA12B C20orf60	angiogenesis [GO:0001525]; endothelial cell migration [GO:0043542]
Heat shock 70 kDa protein 13 (Heat shock protein family A member 13) (Microsomal stress-70 protein ATPase core) (Stress-70 protein chaperone microsome-associated 60 kDa protein)	HSPA13 STCH	protein refolding [GO:0042026]
Heat shock 70 kDa protein 14 (HSP70-like protein 1) (Heat shock protein HSP60) (Heat shock protein family A member 14)	HSPA14 HSP60 HSP70L1	de novo' cotranslational protein folding [GO:0051083]; protein refolding [GO:0042026]
Heat shock 70 kDa protein 1A (Heat shock 70 kDa protein 1) (HSP70-1) (HSP70.1) (Heat shock protein family A member 1A)	HSPA1A HSP72 HSPA1 HSX70	ATP metabolic process [GO:0046034]; cellular heat acclimation [GO:0070370]; cellular response to heat [GO:0034605]; cellular response to oxidative stress [GO:0034599]; cellular response to steroid hormone stimulus [GO:0071383]; cellular response to unfolded protein [GO:0034620]; chaperone-mediated protein complex assembly [GO:0051131]; endoplasmic reticulum unfolded protein response [GO:0030968]; lysosomal transport [GO:0007041]; mRNA catabolic process [GO:0006402]; negative regulation of apoptotic process [GO:0043066]; negative regulation of cell growth [GO:0030308]; negative regulation of cell population proliferation [GO:0008285]; negative regulation of endoplasmic reticulum stress-induced intrinsic apoptotic signaling pathway [GO:1902236]; negative regulation of extrinsic apoptotic signaling pathway in absence of ligand [GO:2001240]; negative regulation of inclusion body assembly [GO:0090084]; negative regulation of mitochondrial outer membrane permeabilization involved in apoptotic signaling pathway [GO:1901029]; negative regulation of protein ubiquitination [GO:0031397]; negative regulation of transcription by RNA polymerase II [GO:0000122]; negative regulation of transforming growth factor beta receptor signaling pathway [GO:0030512]; positive regulation of erythrocyte differentiation [GO:0045648]; positive regulation of gene expression [GO:0010628]; positive regulation of interleukin-8 production [GO:0032757]; positive regulation of microtubule nucleation [GO:0090063]; positive regulation of NF-kappaB transcription factor activity [GO:0051092]; positive regulation of nucleotide-binding oligomerization domain containing 2 signaling pathway [GO:0070434]; positive regulation of proteasomal ubiquitin-dependent protein catabolic process [GO:0032436]; positive regulation of RNA splicing [GO:0033120]; positive regulation of tumor necrosis factor-mediated signaling pathway [GO:1903265]; protein refolding [GO:0042026]; protein stabilization [GO:0050821]; regulation of mitotic spindle assembly [GO:1901673]; regulation of protein ubiquitination [GO:0031396]; response to unfolded protein [GO:0006986]
Heat shock 70 kDa protein 1B (Heat shock 70 kDa protein 2) (HSP70-2) (HSP70.2) (Heat shock protein family A member 1B)	HSPA1B HSP72	ATP metabolic process [GO:0046034]; cellular heat acclimation [GO:0070370]; cellular response to heat [GO:0034605]; cellular response to oxidative stress [GO:0034599]; cellular response to steroid hormone stimulus [GO:0071383]; mRNA catabolic process [GO:0006402]; negative regulation of apoptotic process [GO:0043066]; negative regulation of cell growth [GO:0030308]; negative regulation of cell population proliferation [GO:0008285]; negative regulation of extrinsic apoptotic signaling pathway in absence of ligand [GO:2001240]; negative regulation of inclusion body assembly [GO:0090084]; negative regulation of protein ubiquitination [GO:0031397]; positive regulation of erythrocyte differentiation [GO:0045648]; positive regulation of gene expression [GO:0010628]; positive regulation of interleukin-8 production [GO:0032757]; positive regulation of microtubule nucleation [GO:0090063]; positive regulation of NF-kappaB transcription factor activity [GO:0051092]; positive regulation of nucleotide-binding oligomerization domain containing 2 signaling pathway [GO:0070434]; positive regulation of proteasomal ubiquitin-dependent protein catabolic process [GO:0032436]; positive regulation of tumor necrosis factor-mediated signaling pathway [GO:1903265]; protein refolding [GO:0042026]; protein stabilization [GO:0050821]; regulation of mitotic spindle assembly [GO:1901673]; regulation of protein ubiquitination [GO:0031396]
Heat shock 70 kDa protein 1-like (Heat shock 70 kDa protein 1L) (Heat shock 70 kDa protein 1-Hom) (HSP70-Hom) (Heat shock protein family A member 1L)	HSPA1L	binding of sperm to zona pellucida [GO:0007339]; positive regulation of protein targeting to mitochondrion [GO:1903955]; protein refolding [GO:0042026]; response to unfolded protein [GO:0006986]
Heat shock 70 kDa protein 4 (HSP70RY) (Heat shock 70-related protein APG-2) (Heat shock protein family H member 2)	HSPA4 APG2 HSPH2	chaperone-mediated protein complex assembly [GO:0051131]; protein folding [GO:0006457]; protein import into mitochondrial matrix [GO:0030150]; response to unfolded protein [GO:0006986]
Heat shock 70 kDa protein 4L (Heat shock 70-related protein APG-1) (Heat shock protein family H member 3) (Heat-shock protein family A member 4-like protein) (HSPA4-like protein) (Osmotic stress protein 94)	HSPA4L APG1 HSPH3 OSP94	protein folding [GO:0006457]; response to unfolded protein [GO:0006986]
Endoplasmic reticulum chaperone BiP (EC 3.6.4.10) (78 kDa glucose-regulated protein) (GRP-78) (Binding-immunoglobulin protein) (BiP) (Heat shock protein 70 family protein 5) (HSP70 family protein 5) (Heat shock protein family A member 5) (Immunoglobulin heavy chain-binding protein)	HSPA5 GRP78	cellular response to glucose starvation [GO:0042149]; cellular response to interleukin-4 [GO:0071353]; cerebellar Purkinje cell layer development [GO:0021680]; cerebellum structural organization [GO:0021589]; endoplasmic reticulum unfolded protein response [GO:0030968]; ER overload response [GO:0006983]; ERAD pathway [GO:0036503]; IRE1-mediated unfolded protein response [GO:0036498]; maintenance of protein localization in endoplasmic reticulum [GO:0035437]; negative regulation of apoptotic process [GO:0043066]; negative regulation of IRE1-mediated unfolded protein response [GO:1903895]; negative regulation of PERK-mediated unfolded protein response [GO:1903898]; negative regulation of protein-containing complex assembly [GO:0031333]; negative regulation of transforming growth factor beta receptor signaling pathway [GO:0030512]; positive regulation of cell migration [GO:0030335]; positive regulation of protein ubiquitination [GO:0031398]; positive regulation of transcription by RNA polymerase II [GO:0045944]; post-translational protein targeting to membrane, translocation [GO:0031204]; protein folding in endoplasmic reticulum [GO:0034975]; protein refolding [GO:0042026]; regulation of ATF6-mediated unfolded protein response [GO:1903891]; regulation of IRE1-mediated unfolded protein response [GO:1903894]; regulation of PERK-mediated unfolded protein response [GO:1903897]; regulation of protein folding in endoplasmic reticulum [GO:0060904]; response to endoplasmic reticulum stress [GO:0034976]; substantia nigra development [GO:0021762]
Heat shock 70 kDa protein 6 (Heat shock 70 kDa protein B') (Heat shock protein family A member 6)	HSPA6 HSP70B'	cellular response to heat [GO:0034605]; protein refolding [GO:0042026]; response to unfolded protein [GO:0006986]
Heat shock cognate 71 kDa protein (EC 3.6.4.10) (Heat shock 70 kDa protein 8) (Heat shock protein family A member 8) (Lipopolysaccharide-associated protein 1) (LAP-1) (LPS-associated protein 1)	HSPA8 HSC70 HSP73 HSPA10	ATP metabolic process [GO:0046034]; cellular response to starvation [GO:0009267]; cellular response to steroid hormone stimulus [GO:0071383]; chaperone-mediated autophagy [GO:0061684]; chaperone-mediated autophagy translocation complex disassembly [GO:1904764]; clathrin coat disassembly [GO:0072318]; membrane organization [GO:0061024]; mRNA splicing, via spliceosome [GO:0000398]; negative regulation of DNA-templated transcription [GO:0045892]; negative regulation of NLRP3 inflammasome complex assembly [GO:1900226]; negative regulation of supramolecular fiber organization [GO:1902904]; positive regulation of cell migration [GO:0030335]; positive regulation of ferroptosis [GO:0160020]; protein folding [GO:0006457]; protein refolding [GO:0042026]; protein targeting to lysosome involved in chaperone-mediated autophagy [GO:0061740]; regulation of protein complex stability [GO:0061635]; regulation of protein import [GO:1904589]; regulation of protein stability [GO:0031647]; regulation of protein-containing complex assembly [GO:0043254]; response to unfolded protein [GO:0006986]
Stress-70 protein, mitochondrial (EC 3.6.4.10) (75 kDa glucose-regulated protein) (GRP-75) (Heat shock 70 kDa protein 9) (Heat shock protein family A member 9) (Mortalin) (MOT) (Peptide-binding protein 74) (PBP74)	HSPA9 GRP75 HSPA9B mt-HSP70	calcium import into the mitochondrion [GO:0036444]; erythrocyte differentiation [GO:0030218]; inner mitochondrial membrane organization [GO:0007007]; intracellular protein transport [GO:0006886]; iron-sulfur cluster assembly [GO:0016226]; negative regulation of apoptotic process [GO:0043066]; negative regulation of erythrocyte differentiation [GO:0045647]; negative regulation of hematopoietic stem cell differentiation [GO:1902037]; negative regulation of hemopoiesis [GO:1903707]; positive regulation of apoptotic process [GO:0043065]; protein export from nucleus [GO:0006611]; protein refolding [GO:0042026]; regulation of erythrocyte differentiation [GO:0045646]
Heat shock protein beta-1 (HspB1) (28 kDa heat shock protein) (Estrogen-regulated 24 kDa protein) (Heat shock 27 kDa protein) (HSP 27) (Heat shock protein family B member 1) (Stress-responsive protein 27) (SRP27)	HSPB1 HSP27 HSP28	anterograde axonal protein transport [GO:0099641]; cellular response to vascular endothelial growth factor stimulus [GO:0035924]; intestinal epithelial structure maintenance [GO:0060729]; intracellular signal transduction [GO:0035556]; negative regulation of apoptotic process [GO:0043066]; negative regulation of oxidative stress-induced intrinsic apoptotic signaling pathway [GO:1902176]; negative regulation of protein kinase C signaling [GO:0090038]; platelet aggregation [GO:0070527]; positive regulation of angiogenesis [GO:0045766]; positive regulation of blood vessel endothelial cell migration [GO:0043536]; positive regulation of endothelial cell chemotaxis [GO:2001028]; positive regulation of interleukin-1 beta production [GO:0032731]; positive regulation of tumor necrosis factor production [GO:0032760]; protein folding [GO:0006457]; protein refolding [GO:0042026]; regulation of autophagy [GO:0010506]; regulation of canonical NF-kappaB signal transduction [GO:0043122]; regulation of protein phosphorylation [GO:0001932]; regulation of translational initiation [GO:0006446]; response to heat [GO:0009408]; response to unfolded protein [GO:0006986]; response to virus [GO:0009615]; vascular endothelial growth factor receptor signaling pathway [GO:0048010]
Heat shock protein beta-2 (HspB2) (DMPK-binding protein) (MKBP) (Heat shock protein family B member 2)	HSPB2	negative regulation of apoptotic process [GO:0043066]; protein refolding [GO:0042026]; response to heat [GO:0009408]; response to unfolded protein [GO:0006986]; somatic muscle development [GO:0007525]
Heat shock protein beta-3 (HspB3) (Heat shock 17 kDa protein) (HSP 17) (Heat shock protein family B member 3) (Protein 3)	HSPB3 HSP27 HSPL27	response to unfolded protein [GO:0006986]
Heat shock protein beta-6 (HspB6) (Heat shock 20 kDa-like protein p20) (Heat shock protein family B member 6)	HSPB6	negative regulation of apoptotic process [GO:0043066]; negative regulation of cardiac muscle cell apoptotic process [GO:0010667]; positive regulation of angiogenesis [GO:0045766]; protein folding [GO:0006457]; protein refolding [GO:0042026]; response to heat [GO:0009408]
Heat shock protein beta-7 (HspB7) (Cardiovascular heat shock protein) (cvHsp)	HSPB7 CVHSP	heart development [GO:0007507]; regulation of heart contraction [GO:0008016]; response to unfolded protein [GO:0006986]
Heat shock protein beta-8 (HspB8) (Alpha-crystallin C chain) (E2-induced gene 1 protein) (Heat shock protein family B member 8) (Protein kinase H11) (Small stress protein-like protein HSP22)	HSPB8 CRYAC E2IG1 HSP22 PP1629	cellular response to unfolded protein [GO:0034620]; positive regulation of aggrephagy [GO:1905337]
Heat shock protein beta-9 (HspB9) (Cancer/testis antigen 51) (CT51) (Heat shock protein family B member 9)	HSPB9	
HSPB1-associated protein 1 (27 kDa heat shock protein-associated protein 1) (Protein associated with small stress protein 1)	HSPBAP1 PASS1	
60 kDa heat shock protein, mitochondrial (EC 5.6.1.7) (60 kDa chaperonin) (Chaperonin 60) (CPN60) (Heat shock protein 60) (HSP-60) (Hsp60) (Heat shock protein family D member 1) (HuCHA60) (Mitochondrial matrix protein P1) (P60 lymphocyte protein)	HSPD1 HSP60	de novo' protein folding [GO:0006458]; apoptotic mitochondrial changes [GO:0008637]; B cell activation [GO:0042113]; B cell proliferation [GO:0042100]; biological process involved in interaction with symbiont [GO:0051702]; cellular response to interleukin-7 [GO:0098761]; chaperone-mediated protein complex assembly [GO:0051131]; isotype switching to IgG isotypes [GO:0048291]; mitochondrial unfolded protein response [GO:0034514]; MyD88-dependent toll-like receptor signaling pathway [GO:0002755]; negative regulation of apoptotic process [GO:0043066]; negative regulation of execution phase of apoptosis [GO:1900118]; positive regulation of execution phase of apoptosis [GO:1900119]; positive regulation of interferon-alpha production [GO:0032727]; positive regulation of interleukin-10 production [GO:0032733]; positive regulation of interleukin-12 production [GO:0032735]; positive regulation of interleukin-6 production [GO:0032755]; positive regulation of macrophage activation [GO:0043032]; positive regulation of T cell activation [GO:0050870]; positive regulation of T cell mediated immune response to tumor cell [GO:0002842]; positive regulation of type II interferon production [GO:0032729]; protein folding [GO:0006457]; protein import into mitochondrial intermembrane space [GO:0045041]; protein maturation [GO:0051604]; protein refolding [GO:0042026]; protein stabilization [GO:0050821]; response to cold [GO:0009409]; response to unfolded protein [GO:0006986]; T cell activation [GO:0042110]
10 kDa heat shock protein, mitochondrial (Hsp10) (10 kDa chaperonin) (Chaperonin 10) (CPN10) (Early-pregnancy factor) (EPF) (Heat shock protein family E member 1)	HSPE1	intrinsic apoptotic signaling pathway [GO:0097193]; osteoblast differentiation [GO:0001649]; protein folding [GO:0006457]; response to unfolded protein [GO:0006986]
Heat shock protein 105 kDa (Antigen NY-CO-25) (Heat shock 110 kDa protein) (Heat shock protein family H member 1)	HSPH1 HSP105 HSP110 KIAA0201	positive regulation of MHC class I biosynthetic process [GO:0045345]; positive regulation of NK T cell activation [GO:0051135]; protein folding [GO:0006457]; response to unfolded protein [GO:0006986]
Huntingtin (Huntington disease protein) (HD protein) [Cleaved into: Huntingtin, myristoylated N-terminal fragment]	HTT HD IT15	apoptotic process [GO:0006915]; central nervous system development [GO:0007417]; establishment of mitotic spindle orientation [GO:0000132]; Golgi organization [GO:0007030]; negative regulation of extrinsic apoptotic signaling pathway [GO:2001237]; neurogenesis [GO:0022008]; positive regulation of aggrephagy [GO:1905337]; positive regulation of apoptotic process [GO:0043065]; positive regulation of CAMKK-AMPK signaling cascade [GO:1905291]; positive regulation of cilium assembly [GO:0045724]; positive regulation of inositol 1,4,5-trisphosphate-sensitive calcium-release channel activity [GO:0031587]; positive regulation of lipophagy [GO:1904504]; positive regulation of mitophagy [GO:1901526]; protein destabilization [GO:0031648]; regulation of CAMKK-AMPK signaling cascade [GO:1905289]; retrograde vesicle-mediated transport, Golgi to endoplasmic reticulum [GO:0006890]; synaptic vesicle transport [GO:0048489]; vesicle transport along microtubule [GO:0047496]; vocal learning [GO:0042297]
Hypoxia up-regulated protein 1 (150 kDa oxygen-regulated protein) (ORP-150) (170 kDa glucose-regulated protein) (GRP-170) (Heat shock protein family H member 4)	HYOU1 GRP170 HSPH4 ORP150	cellular response to hypoxia [GO:0071456]; endoplasmic reticulum to Golgi vesicle-mediated transport [GO:0006888]; negative regulation of endoplasmic reticulum stress-induced neuron intrinsic apoptotic signaling pathway [GO:1903382]; negative regulation of hypoxia-induced intrinsic apoptotic signaling pathway [GO:1903298]; response to endoplasmic reticulum stress [GO:0034976]; response to ischemia [GO:0002931]
Intraflagellar transport protein 25 homolog (Heat shock protein beta-11) (Hspb11) (Heat shock protein family B member 11) (Placental protein 25) (PP25)	IFT25 C1orf41 HSPB11 HSPC034	cell differentiation [GO:0030154]; cilium assembly [GO:0060271]; heart development [GO:0007507]; intraciliary anterograde transport [GO:0035720]; kidney development [GO:0001822]; left/right axis specification [GO:0070986]; lung development [GO:0030324]; protein transport [GO:0015031]; skeletal system development [GO:0001501]; smoothened signaling pathway [GO:0007224]; spermatogenesis [GO:0007283]
Interleukin-1 receptor-associated kinase 1 (IRAK-1) (EC 2.7.11.1)	IRAK1 IRAK	canonical NF-kappaB signal transduction [GO:0007249]; cellular response to heat [GO:0034605]; cellular response to hypoxia [GO:0071456]; innate immune response [GO:0045087]; interleukin-1-mediated signaling pathway [GO:0070498]; interleukin-33-mediated signaling pathway [GO:0038172]; intracellular signal transduction [GO:0035556]; JNK cascade [GO:0007254]; lipopolysaccharide-mediated signaling pathway [GO:0031663]; MyD88-dependent toll-like receptor signaling pathway [GO:0002755]; negative regulation of canonical NF-kappaB signal transduction [GO:0043124]; positive regulation of canonical NF-kappaB signal transduction [GO:0043123]; positive regulation of leukocyte adhesion to vascular endothelial cell [GO:1904996]; positive regulation of NF-kappaB transcription factor activity [GO:0051092]; positive regulation of smooth muscle cell proliferation [GO:0048661]; positive regulation of type I interferon production [GO:0032481]; protein autophosphorylation [GO:0046777]; regulation of cytokine-mediated signaling pathway [GO:0001959]; regulation of DNA-templated transcription [GO:0006355]; response to interleukin-1 [GO:0070555]; response to lipopolysaccharide [GO:0032496]; Toll signaling pathway [GO:0008063]; toll-like receptor 2 signaling pathway [GO:0034134]; toll-like receptor 4 signaling pathway [GO:0034142]; toll-like receptor 9 signaling pathway [GO:0034162]; toll-like receptor signaling pathway [GO:0002224]; type I interferon-mediated signaling pathway [GO:0060337]
Integrin alpha-M (CD11 antigen-like family member B) (CR-3 alpha chain) (Cell surface glycoprotein MAC-1 subunit alpha) (Leukocyte adhesion receptor MO1) (Neutrophil adherence receptor) (CD antigen CD11b)	ITGAM CD11B CR3A	amyloid-beta clearance [GO:0097242]; cell adhesion [GO:0007155]; cell-cell adhesion [GO:0098609]; cell-cell adhesion via plasma-membrane adhesion molecules [GO:0098742]; cell-matrix adhesion [GO:0007160]; complement receptor mediated signaling pathway [GO:0002430]; complement-mediated synapse pruning [GO:0150062]; ectodermal cell differentiation [GO:0010668]; forebrain development [GO:0030900]; heterotypic cell-cell adhesion [GO:0034113]; innate immune response [GO:0045087]; integrin-mediated signaling pathway [GO:0007229]; microglial cell activation [GO:0001774]; negative regulation of dopamine metabolic process [GO:0045963]; phagocytosis, engulfment [GO:0006911]; positive regulation of microglial cell mediated cytotoxicity [GO:1904151]; positive regulation of neutrophil degranulation [GO:0043315]; positive regulation of protein targeting to membrane [GO:0090314]; positive regulation of superoxide anion generation [GO:0032930]; receptor-mediated endocytosis [GO:0006898]; response to amphetamine [GO:0001975]; response to curcumin [GO:1904643]; response to estradiol [GO:0032355]; response to Gram-positive bacterium [GO:0140459]; response to ischemia [GO:0002931]; response to mechanical stimulus [GO:0009612]; vertebrate eye-specific patterning [GO:0150064]
Integrin beta-2 (Cell surface adhesion glycoproteins LFA-1/CR3/p150,95 subunit beta) (Complement receptor C3 subunit beta) (CD antigen CD18)	ITGB2 CD18 MFI7	amyloid-beta clearance [GO:0097242]; apoptotic process [GO:0006915]; cell adhesion [GO:0007155]; cell adhesion mediated by integrin [GO:0033627]; cell-cell adhesion [GO:0098609]; cell-cell adhesion via plasma-membrane adhesion molecules [GO:0098742]; cell-cell signaling [GO:0007267]; cell-matrix adhesion [GO:0007160]; cellular extravasation [GO:0045123]; cellular response to low-density lipoprotein particle stimulus [GO:0071404]; endodermal cell differentiation [GO:0035987]; endothelial cell migration [GO:0043542]; heterotypic cell-cell adhesion [GO:0034113]; inflammatory response [GO:0006954]; integrin-mediated signaling pathway [GO:0007229]; leukocyte cell-cell adhesion [GO:0007159]; leukocyte migration involved in inflammatory response [GO:0002523]; microglial cell activation [GO:0001774]; negative regulation of dopamine metabolic process [GO:0045963]; neutrophil chemotaxis [GO:0030593]; neutrophil migration [GO:1990266]; phagocytosis, engulfment [GO:0006911]; positive regulation of angiogenesis [GO:0045766]; positive regulation of leukocyte adhesion to vascular endothelial cell [GO:1904996]; positive regulation of neutrophil degranulation [GO:0043315]; positive regulation of nitric oxide biosynthetic process [GO:0045429]; positive regulation of protein targeting to membrane [GO:0090314]; positive regulation of superoxide anion generation [GO:0032930]; receptor clustering [GO:0043113]; receptor internalization [GO:0031623]; receptor-mediated endocytosis [GO:0006898]; regulation of cell shape [GO:0008360]; regulation of peptidyl-tyrosine phosphorylation [GO:0050730]
LIM domain kinase 1 (LIMK-1) (EC 2.7.11.1)	LIMK1 LIMK	actin cytoskeleton organization [GO:0030036]; axon extension [GO:0048675]; Fc-gamma receptor signaling pathway involved in phagocytosis [GO:0038096]; nervous system development [GO:0007399]; positive regulation of actin filament bundle assembly [GO:0032233]; positive regulation of axon extension [GO:0045773]; positive regulation of stress fiber assembly [GO:0051496]; protein phosphorylation [GO:0006468]; Rho protein signal transduction [GO:0007266]; signal transduction [GO:0007165]; stress fiber assembly [GO:0043149]
Vesicular integral-membrane protein VIP36 (Glycoprotein GP36b) (Lectin mannose-binding 2) (Vesicular integral-membrane protein 36) (VIP36)	LMAN2 C5orf8	endoplasmic reticulum to Golgi vesicle-mediated transport [GO:0006888]; positive regulation of phagocytosis [GO:0050766]; protein transport [GO:0015031]; retrograde vesicle-mediated transport, Golgi to endoplasmic reticulum [GO:0006890]
MAP kinase-activated protein kinase 2 (MAPK-activated protein kinase 2) (MAPKAP kinase 2) (MAPKAP-K2) (MAPKAPK-2) (MK-2) (MK2) (EC 2.7.11.1)	MAPKAPK2	3'-UTR-mediated mRNA stabilization [GO:0070935]; cellular response to vascular endothelial growth factor stimulus [GO:0035924]; DNA damage response [GO:0006974]; inflammatory response [GO:0006954]; inner ear development [GO:0048839]; intracellular signal transduction [GO:0035556]; leukotriene metabolic process [GO:0006691]; macropinocytosis [GO:0044351]; MAPK cascade [GO:0000165]; p38MAPK cascade [GO:0038066]; positive regulation of macrophage cytokine production [GO:0060907]; positive regulation of tumor necrosis factor production [GO:0032760]; regulation of cellular response to heat [GO:1900034]; regulation of interleukin-6 production [GO:0032675]; regulation of mRNA stability [GO:0043488]; regulation of tumor necrosis factor production [GO:0032680]; regulation of tumor necrosis factor-mediated signaling pathway [GO:0010803]; response to cytokine [GO:0034097]; response to lipopolysaccharide [GO:0032496]; toll-like receptor signaling pathway [GO:0002224]; vascular endothelial growth factor receptor signaling pathway [GO:0048010]
Histidine protein methyltransferase 1 homolog (EC 2.1.1.85) (Arsenic-transactivated protein 2) (AsTP2) (Methyltransferase-like protein 18)	METTL18 ASTP2 C1orf156	peptidyl-lysine monomethylation [GO:0018026]; regulation of ribosome biogenesis [GO:0090069]; regulation of rRNA processing [GO:2000232]; regulation of translation [GO:0006417]; regulation of translational elongation [GO:0006448]
Protein N-lysine methyltransferase METTL21A (EC 2.1.1.-) (HSPA lysine methyltransferase) (HSPA-KMT) (Hepatocellular carcinoma-associated antigen 557b) (Methyltransferase-like protein 21A)	METTL21A FAM119A HCA557B	negative regulation of protein folding [GO:1903333]; protein methylation [GO:0006479]
Protein-lysine methyltransferase METTL21C (EC 2.1.1.-) (Methyltransferase-like protein 21C)	METTL21C C13orf39	cellular response to dexamethasone stimulus [GO:0071549]; hormone-mediated apoptotic signaling pathway [GO:0008628]; peptidyl-lysine methylation [GO:0018022]; protein methylation [GO:0006479]; regulation of release of sequestered calcium ion into cytosol by sarcoplasmic reticulum [GO:0010880]; skeletal muscle tissue development [GO:0007519]
Methyltransferase-like protein 22 (EC 2.1.1.-)	METTL22 C16orf68 LP8272	protein methylation [GO:0006479]
Histone-arginine methyltransferase METTL23 (EC 2.1.1.319) (Methyltransferase-like protein 23)	METTL23 C17orf95	cognition [GO:0050890]; epigenetic programing of male pronucleus [GO:0044727]; epigenetic programming in the zygotic pronuclei [GO:0044725]; epigenetic regulation of gene expression [GO:0040029]; methylation [GO:0032259]; positive regulation of transcription by RNA polymerase II [GO:0045944]
2-oxoglutarate dehydrogenase complex component E1 (E1o) (HsOGDH) (OGDC-E1) (OGDH-E1) (EC 1.2.4.2) (2-oxoglutarate dehydrogenase, mitochondrial) (Alpha-ketoglutarate dehydrogenase) (Alpha-KGDH-E1) (Thiamine diphosphate (ThDP)-dependent 2-oxoglutarate dehydrogenase)	OGDH	2-oxoglutarate decarboxylation to succinyl-CoA [GO:0120551]; 2-oxoglutarate metabolic process [GO:0006103]; cerebellar cortex development [GO:0021695]; generation of precursor metabolites and energy [GO:0006091]; glycolytic process [GO:0006096]; hippocampus development [GO:0021766]; olfactory bulb mitral cell layer development [GO:0061034]; pyramidal neuron development [GO:0021860]; striatum development [GO:0021756]; succinyl-CoA metabolic process [GO:0006104]; tangential migration from the subventricular zone to the olfactory bulb [GO:0022028]; thalamus development [GO:0021794]; tricarboxylic acid cycle [GO:0006099]
Parkin coregulated gene protein (Molecular chaperone/chaperonin-binding protein) (PARK2 coregulated gene protein)	PACRG GLUP	cellular response to unfolded protein [GO:0034620]; flagellated sperm motility [GO:0030317]; intracellular protein localization [GO:0008104]; spermatid development [GO:0007286]
Chronophin (EC 3.1.3.16) (EC 3.1.3.74) (Pyridoxal phosphate phosphatase) (PLP phosphatase)	PDXP CIN PLP PLPP	actin rod assembly [GO:0031247]; cellular response to ATP [GO:0071318]; dephosphorylation [GO:0016311]; positive regulation of actin filament depolymerization [GO:0030836]; protein dephosphorylation [GO:0006470]; pyridoxal phosphate catabolic process [GO:0032361]; regulation of cytokinesis [GO:0032465]; regulation of mitotic nuclear division [GO:0007088]; regulation of modification of postsynaptic structure [GO:0099159]
Peptidyl-prolyl cis-trans isomerase D (PPIase D) (EC 5.2.1.8) (40 kDa peptidyl-prolyl cis-trans isomerase) (Cyclophilin-40) (CYP-40) (Cyclophilin-related protein) (Rotamase D)	PPID CYP40 CYPD	apoptotic process [GO:0006915]; cellular response to UV-A [GO:0071492]; lipid droplet organization [GO:0034389]; negative regulation of transcription by RNA polymerase II [GO:0000122]; positive regulation of apoptotic process [GO:0043065]; positive regulation of protein secretion [GO:0050714]; positive regulation of viral genome replication [GO:0045070]; protein folding [GO:0006457]; protein transport [GO:0015031]; protein-containing complex assembly [GO:0065003]; viral release from host cell [GO:0019076]
E3 ubiquitin-protein ligase parkin (Parkin) (EC 2.3.2.31) (Parkin RBR E3 ubiquitin-protein ligase) (Parkinson juvenile disease protein 2) (Parkinson disease protein 2)	PRKN PARK2	adult locomotory behavior [GO:0008344]; aggresome assembly [GO:0070842]; amyloid fibril formation [GO:1990000]; autophagy of mitochondrion [GO:0000422]; cellular response to dopamine [GO:1903351]; cellular response to hydrogen sulfide [GO:1904881]; cellular response to L-glutamate [GO:1905232]; cellular response to L-glutamine [GO:1904845]; cellular response to manganese ion [GO:0071287]; cellular response to oxidative stress [GO:0034599]; cellular response to toxic substance [GO:0097237]; cellular response to unfolded protein [GO:0034620]; central nervous system development [GO:0007417]; dopamine metabolic process [GO:0042417]; dopamine uptake involved in synaptic transmission [GO:0051583]; ERAD pathway [GO:0036503]; free ubiquitin chain polymerization [GO:0010994]; host-mediated suppression of viral genome replication [GO:0044828]; learning [GO:0007612]; macroautophagy [GO:0016236]; mitochondrial fission [GO:0000266]; mitochondrial fragmentation involved in apoptotic process [GO:0043653]; mitochondrion localization [GO:0051646]; mitochondrion organization [GO:0007005]; mitochondrion to lysosome vesicle-mediated transport [GO:0099074]; mitophagy [GO:0000423]; modulation of chemical synaptic transmission [GO:0050804]; negative regulation of actin filament bundle assembly [GO:0032232]; negative regulation of canonical Wnt signaling pathway [GO:0090090]; negative regulation of endoplasmic reticulum stress-induced intrinsic apoptotic signaling pathway [GO:1902236]; negative regulation of endoplasmic reticulum stress-induced neuron intrinsic apoptotic signaling pathway [GO:1903382]; negative regulation of excitatory postsynaptic potential [GO:0090394]; negative regulation of exosomal secretion [GO:1903542]; negative regulation of gene expression [GO:0010629]; negative regulation of glucokinase activity [GO:0033132]; negative regulation of insulin secretion [GO:0046676]; negative regulation of intralumenal vesicle formation [GO:1905366]; negative regulation of intrinsic apoptotic signaling pathway by p53 class mediator [GO:1902254]; negative regulation of JNK cascade [GO:0046329]; negative regulation of mitochondrial fission [GO:0090258]; negative regulation of mitochondrial fusion [GO:0010637]; negative regulation of neuron apoptotic process [GO:0043524]; negative regulation of oxidative stress-induced neuron intrinsic apoptotic signaling pathway [GO:1903377]; negative regulation of reactive oxygen species biosynthetic process [GO:1903427]; negative regulation of reactive oxygen species metabolic process [GO:2000378]; negative regulation of release of cytochrome c from mitochondria [GO:0090201]; negative regulation of spontaneous neurotransmitter secretion [GO:1904049]; negative regulation of synaptic transmission, glutamatergic [GO:0051967]; negative regulation of transcription by RNA polymerase II [GO:0000122]; neuron cellular homeostasis [GO:0070050]; norepinephrine metabolic process [GO:0042415]; positive regulation of apoptotic process [GO:0043065]; positive regulation of ATP biosynthetic process [GO:2001171]; positive regulation of canonical NF-kappaB signal transduction [GO:0043123]; positive regulation of dendrite extension [GO:1903861]; positive regulation of gene expression [GO:0010628]; positive regulation of insulin secretion involved in cellular response to glucose stimulus [GO:0035774]; positive regulation of mitochondrial fission [GO:0090141]; positive regulation of mitochondrial fusion [GO:0010636]; positive regulation of mitochondrial membrane potential [GO:0010918]; positive regulation of mitophagy [GO:1901526]; positive regulation of neurotransmitter uptake [GO:0051582]; positive regulation of proteasomal protein catabolic process [GO:1901800]; positive regulation of proteasomal ubiquitin-dependent protein catabolic process [GO:0032436]; positive regulation of protein catabolic process [GO:0045732]; positive regulation of protein linear polyubiquitination [GO:1902530]; positive regulation of protein localization to membrane [GO:1905477]; positive regulation of retrograde transport, endosome to Golgi [GO:1905281]; positive regulation of transcription by RNA polymerase II [GO:0045944]; positive regulation of tumor necrosis factor-mediated signaling pathway [GO:1903265]; positive regulation of type 2 mitophagy [GO:1905091]; proteasomal protein catabolic process [GO:0010498]; proteasome-mediated ubiquitin-dependent protein catabolic process [GO:0043161]; protein autoubiquitination [GO:0051865]; protein destabilization [GO:0031648]; protein deubiquitination [GO:0016579]; protein K11-linked ubiquitination [GO:0070979]; protein K27-linked ubiquitination [GO:0044314]; protein K29-linked ubiquitination [GO:0035519]; protein K48-linked ubiquitination [GO:0070936]; protein K6-linked ubiquitination [GO:0085020]; protein K63-linked ubiquitination [GO:0070534]; protein localization to mitochondrion [GO:0070585]; protein monoubiquitination [GO:0006513]; protein polyubiquitination [GO:0000209]; protein stabilization [GO:0050821]; protein ubiquitination [GO:0016567]; regulation of apoptotic process [GO:0042981]; regulation of autophagy [GO:0010506]; regulation of canonical Wnt signaling pathway [GO:0060828]; regulation of cellular response to oxidative stress [GO:1900407]; regulation of dopamine metabolic process [GO:0042053]; regulation of dopamine secretion [GO:0014059]; regulation of glucose metabolic process [GO:0010906]; regulation of lipid transport [GO:0032368]; regulation of mitochondrion organization [GO:0010821]; regulation of necroptotic process [GO:0060544]; regulation of postsynaptic membrane neurotransmitter receptor levels [GO:0099072]; regulation of protein stability [GO:0031647]; regulation of protein targeting to mitochondrion [GO:1903214]; regulation of protein ubiquitination [GO:0031396]; regulation of reactive oxygen species metabolic process [GO:2000377]; regulation of synaptic vesicle endocytosis [GO:1900242]; regulation of synaptic vesicle transport [GO:1902803]; regulation protein catabolic process at presynapse [GO:0140251]; response to corticosterone [GO:0051412]; response to curcumin [GO:1904643]; response to endoplasmic reticulum stress [GO:0034976]; response to muscle activity [GO:0014850]; response to oxidative stress [GO:0006979]; response to xenobiotic stimulus [GO:0009410]; startle response [GO:0001964]; synaptic transmission, glutamatergic [GO:0035249]; type 2 mitophagy [GO:0061734]; ubiquitin-dependent protein catabolic process [GO:0006511]
Prostaglandin E synthase 3 (EC 5.3.99.3) (Cytosolic prostaglandin E2 synthase) (cPGES) (Hsp90 co-chaperone) (Progesterone receptor complex p23) (Telomerase-binding protein p23)	PTGES3 P23 TEBP	chaperone-mediated protein complex assembly [GO:0051131]; positive regulation of telomere maintenance via telomerase [GO:0032212]; prostaglandin biosynthetic process [GO:0001516]; prostanoid biosynthetic process [GO:0046457]; protein folding [GO:0006457]; protein stabilization [GO:0050821]; signal transduction [GO:0007165]; telomerase holoenzyme complex assembly [GO:1905323]; telomere maintenance [GO:0000723]; telomere maintenance via telomerase [GO:0007004]
Small glutamine-rich tetratricopeptide repeat-containing protein alpha (Alpha-SGT) (Vpu-binding protein) (UBP)	SGTA SGT SGT1	ERAD pathway [GO:0036503]; negative regulation of ERAD pathway [GO:1904293]; negative regulation of ubiquitin-dependent protein catabolic process [GO:2000059]; positive regulation of ERAD pathway [GO:1904294]; positive regulation of ubiquitin-dependent protein catabolic process [GO:2000060]; post-translational protein targeting to endoplasmic reticulum membrane [GO:0006620]; tail-anchored membrane protein insertion into ER membrane [GO:0071816]
Leukosialin (GPL115) (Galactoglycoprotein) (GALGP) (Leukocyte sialoglycoprotein) (Sialophorin) (CD antigen CD43) [Cleaved into: CD43 cytoplasmic tail (CD43-ct) (CD43ct)]	SPN CD43	apoptotic signaling pathway [GO:0097190]; cell surface receptor signaling pathway [GO:0007166]; cellular defense response [GO:0006968]; chemotaxis [GO:0006935]; defense response to bacterium [GO:0042742]; establishment or maintenance of cell polarity [GO:0007163]; immune response [GO:0006955]; leukocyte tethering or rolling [GO:0050901]; negative regulation of cell adhesion [GO:0007162]; negative regulation of T cell proliferation [GO:0042130]; negative regulation of type IV hypersensitivity [GO:0001808]; negative thymic T cell selection [GO:0045060]; positive regulation of T cell migration [GO:2000406]; positive regulation of T cell proliferation [GO:0042102]; positive regulation of tumor necrosis factor production [GO:0032760]; regulation of defense response to virus [GO:0050688]; regulation of immune response [GO:0050776]; regulation of T cell migration [GO:2000404]; response to protozoan [GO:0001562]; signal transduction [GO:0007165]; T cell costimulation [GO:0031295]; T cell proliferation [GO:0042098]; T-helper 1 cell lineage commitment [GO:0002296]
Protein SSUH2 homolog (Protein ssu-2 homolog)	SSUH2 C3orf32 FLS485	odontogenesis [GO:0042476]
Hsc70-interacting protein (Hip) (Aging-associated protein 2) (Progesterone receptor-associated p48 protein) (Protein FAM10A1) (Putative tumor suppressor ST13) (Renal carcinoma antigen NY-REN-33) (Suppression of tumorigenicity 13 protein)	ST13 AAG2 FAM10A1 HIP SNC6	protein folding [GO:0006457]; response to bacterium [GO:0009617]
E3 ubiquitin-protein ligase CHIP (EC 2.3.2.27) (Antigen NY-CO-7) (CLL-associated antigen KW-8) (Carboxy terminus of Hsp70-interacting protein) (RING-type E3 ubiquitin transferase CHIP) (STIP1 homology and U box-containing protein 1)	STUB1 CHIP PP1131	cellular response to heat [GO:0034605]; cellular response to hypoxia [GO:0071456]; cellular response to misfolded protein [GO:0071218]; chaperone-mediated autophagy [GO:0061684]; DNA repair [GO:0006281]; endoplasmic reticulum unfolded protein response [GO:0030968]; ERAD pathway [GO:0036503]; ERBB2 signaling pathway [GO:0038128]; MAPK cascade [GO:0000165]; negative regulation of cardiac muscle hypertrophy [GO:0010614]; negative regulation of peroxisome proliferator activated receptor signaling pathway [GO:0035359]; negative regulation of smooth muscle cell apoptotic process [GO:0034392]; negative regulation of transforming growth factor beta receptor signaling pathway [GO:0030512]; negative regulation of vascular associated smooth muscle contraction [GO:1904694]; positive regulation of chaperone-mediated protein complex assembly [GO:0090035]; positive regulation of ERAD pathway [GO:1904294]; positive regulation of mitophagy [GO:1901526]; positive regulation of proteasomal ubiquitin-dependent protein catabolic process [GO:0032436]; positive regulation of protein ubiquitination [GO:0031398]; positive regulation of proteolysis [GO:0045862]; positive regulation of smooth muscle cell apoptotic process [GO:0034393]; proteasome-mediated ubiquitin-dependent protein catabolic process [GO:0043161]; protein autoubiquitination [GO:0051865]; protein K63-linked ubiquitination [GO:0070534]; protein monoubiquitination [GO:0006513]; protein polyubiquitination [GO:0000209]; protein quality control for misfolded or incompletely synthesized proteins [GO:0006515]; protein stabilization [GO:0050821]; protein ubiquitination [GO:0016567]; regulation of glucocorticoid metabolic process [GO:0031943]; regulation of protein stability [GO:0031647]; response to ischemia [GO:0002931]; ubiquitin-dependent protein catabolic process [GO:0006511]
Protein SGT1 homolog (Protein 40-6-3) (Sgt1) (Suppressor of G2 allele of SKP1 homolog)	SUGT1	kinetochore assembly [GO:0051382]; regulation of protein stability [GO:0031647]; skeletal muscle satellite cell proliferation [GO:0014841]; spindle organization [GO:0007051]
Transcription factor A, mitochondrial (mtTFA) (Mitochondrial transcription factor 1) (MtTF1) (Transcription factor 6) (TCF-6) (Transcription factor 6-like 2)	TFAM TCF6 TCF6L2	mitochondrial respiratory chain complex assembly [GO:0033108]; mitochondrial transcription [GO:0006390]; response to hypoxia [GO:0001666]; response to nutrient [GO:0007584]; transcription initiation at mitochondrial promoter [GO:0006391]
Mitochondrial import receptor subunit TOM34 (hTom34) (Translocase of outer membrane 34 kDa subunit)	TOMM34 URCC3	protein targeting to mitochondrion [GO:0006626]
Heat shock protein 75 kDa, mitochondrial (HSP 75) (Heat shock protein family C member 5) (TNFR-associated protein 1) (Tumor necrosis factor type 1 receptor-associated protein) (TRAP-1)	TRAP1 HSP75 HSPC5	negative regulation of cellular respiration [GO:1901856]; negative regulation of intrinsic apoptotic signaling pathway in response to hydrogen peroxide [GO:1903751]; negative regulation of reactive oxygen species biosynthetic process [GO:1903427]; protein folding [GO:0006457]; translational attenuation [GO:0009386]
mRNA decay activator protein ZFP36 (G0/G1 switch regulatory protein 24) (Growth factor-inducible nuclear protein NUP475) (Tristetraprolin) (Zinc finger protein 36) (Zfp-36)	ZFP36 G0S24 NUP475 RNF162A TIS11A TTP	3'-UTR-mediated mRNA destabilization [GO:0061158]; 3'-UTR-mediated mRNA stabilization [GO:0070935]; cellular response to epidermal growth factor stimulus [GO:0071364]; cellular response to fibroblast growth factor stimulus [GO:0044344]; cellular response to glucocorticoid stimulus [GO:0071385]; cellular response to granulocyte macrophage colony-stimulating factor stimulus [GO:0097011]; cellular response to lipopolysaccharide [GO:0071222]; cellular response to tumor necrosis factor [GO:0071356]; MAPK cascade [GO:0000165]; miRNA-mediated gene silencing by inhibition of translation [GO:0035278]; mRNA catabolic process [GO:0006402]; mRNA transport [GO:0051028]; negative regulation of 3'-UTR-mediated mRNA stabilization [GO:1905869]; negative regulation of cytokine production involved in inflammatory response [GO:1900016]; negative regulation of erythrocyte differentiation [GO:0045647]; negative regulation of interleukin-2 production [GO:0032703]; negative regulation of polynucleotide adenylyltransferase activity [GO:1904246]; negative regulation of transcription by RNA polymerase II [GO:0000122]; negative regulation of viral transcription [GO:0032897]; nuclear-transcribed mRNA catabolic process, deadenylation-dependent decay [GO:0000288]; nuclear-transcribed mRNA catabolic process, deadenylation-independent decay [GO:0031086]; nuclear-transcribed mRNA poly(A) tail shortening [GO:0000289]; p38MAPK cascade [GO:0038066]; positive regulation of deadenylation-independent decapping of nuclear-transcribed mRNA [GO:1901835]; positive regulation of fat cell differentiation [GO:0045600]; positive regulation of intracellular mRNA localization [GO:1904582]; positive regulation of miRNA-mediated gene silencing [GO:2000637]; positive regulation of nuclear-transcribed mRNA catabolic process, deadenylation-dependent decay [GO:1900153]; positive regulation of nuclear-transcribed mRNA poly(A) tail shortening [GO:0060213]; regulation of keratinocyte apoptotic process [GO:1902172]; regulation of keratinocyte differentiation [GO:0045616]; regulation of keratinocyte proliferation [GO:0010837]; regulation of mRNA stability [GO:0043488]; regulation of tumor necrosis factor production [GO:0032680]; response to starvation [GO:0042594]; response to wounding [GO:0009611]
Tyrosine-protein kinase ABL1 (EC 2.7.10.2) (Abelson murine leukemia viral oncogene homolog 1) (Abelson tyrosine-protein kinase 1) (Proto-oncogene c-Abl) (p150)	ABL1 ABL JTK7	actin cytoskeleton organization [GO:0030036]; actin filament polymerization [GO:0030041]; activated T cell proliferation [GO:0050798]; alpha-beta T cell differentiation [GO:0046632]; associative learning [GO:0008306]; autophagy [GO:0006914]; B cell proliferation involved in immune response [GO:0002322]; B cell receptor signaling pathway [GO:0050853]; B-1 B cell homeostasis [GO:0001922]; Bergmann glial cell differentiation [GO:0060020]; BMP signaling pathway [GO:0030509]; canonical NF-kappaB signal transduction [GO:0007249]; cardiac muscle cell proliferation [GO:0060038]; cell-cell adhesion [GO:0098609]; cellular response to dopamine [GO:1903351]; cellular response to hydrogen peroxide [GO:0070301]; cellular response to lipopolysaccharide [GO:0071222]; cellular response to oxidative stress [GO:0034599]; cellular response to transforming growth factor beta stimulus [GO:0071560]; cellular senescence [GO:0090398]; cerebellum morphogenesis [GO:0021587]; DN4 thymocyte differentiation [GO:1904157]; DNA conformation change [GO:0071103]; DNA damage response [GO:0006974]; endothelial cell migration [GO:0043542]; ephrin receptor signaling pathway [GO:0048013]; epidermal growth factor receptor signaling pathway [GO:0007173]; ERK1 and ERK2 cascade [GO:0070371]; establishment of localization in cell [GO:0051649]; Fc-gamma receptor signaling pathway involved in phagocytosis [GO:0038096]; integrin-mediated signaling pathway [GO:0007229]; intracellular signal transduction [GO:0035556]; intrinsic apoptotic signaling pathway in response to DNA damage [GO:0008630]; microspike assembly [GO:0030035]; mismatch repair [GO:0006298]; mitochondrial depolarization [GO:0051882]; mitotic cell cycle [GO:0000278]; myoblast proliferation [GO:0051450]; negative regulation of BMP signaling pathway [GO:0030514]; negative regulation of cell-cell adhesion [GO:0022408]; negative regulation of cellular senescence [GO:2000773]; negative regulation of double-strand break repair via homologous recombination [GO:2000042]; negative regulation of endothelial cell apoptotic process [GO:2000352]; negative regulation of ERK1 and ERK2 cascade [GO:0070373]; negative regulation of long-term synaptic potentiation [GO:1900272]; negative regulation of mitotic cell cycle [GO:0045930]; negative regulation of ubiquitin-protein transferase activity [GO:0051444]; neural tube closure [GO:0001843]; neuroepithelial cell differentiation [GO:0060563]; neuromuscular process controlling balance [GO:0050885]; neuron apoptotic process [GO:0051402]; neuron differentiation [GO:0030182]; neuropilin signaling pathway [GO:0038189]; phospholipase C-inhibiting G protein-coupled receptor signaling pathway [GO:0030845]; platelet-derived growth factor receptor-beta signaling pathway [GO:0035791]; podocyte apoptotic process [GO:1903210]; positive regulation of apoptotic process [GO:0043065]; positive regulation of blood vessel branching [GO:1905555]; positive regulation of canonical NF-kappaB signal transduction [GO:0043123]; positive regulation of cell migration involved in sprouting angiogenesis [GO:0090050]; positive regulation of cytosolic calcium ion concentration [GO:0007204]; positive regulation of dendrite development [GO:1900006]; positive regulation of endothelial cell migration [GO:0010595]; positive regulation of ERK1 and ERK2 cascade [GO:0070374]; positive regulation of establishment of T cell polarity [GO:1903905]; positive regulation of extracellular matrix organization [GO:1903055]; positive regulation of fibroblast proliferation [GO:0048146]; positive regulation of focal adhesion assembly [GO:0051894]; positive regulation of interleukin-2 production [GO:0032743]; positive regulation of mitotic cell cycle [GO:0045931]; positive regulation of neuron apoptotic process [GO:0043525]; positive regulation of osteoblast proliferation [GO:0033690]; positive regulation of phospholipase C/protein kinase C signal transduction [GO:0141214]; positive regulation of release of sequestered calcium ion into cytosol [GO:0051281]; positive regulation of stress fiber assembly [GO:0051496]; positive regulation of substrate adhesion-dependent cell spreading [GO:1900026]; positive regulation of T cell migration [GO:2000406]; positive regulation of transcription by RNA polymerase II [GO:0045944]; positive regulation of type II interferon production [GO:0032729]; positive regulation of vasoconstriction [GO:0045907]; positive regulation of Wnt signaling pathway, planar cell polarity pathway [GO:2000096]; post-embryonic development [GO:0009791]; protein localization to cytoplasmic microtubule plus-end [GO:1904518]; protein modification process [GO:0036211]; regulation of actin cytoskeleton organization [GO:0032956]; regulation of autophagy [GO:0010506]; regulation of axon extension [GO:0030516]; regulation of Cdc42 protein signal transduction [GO:0032489]; regulation of cell adhesion [GO:0030155]; regulation of cell cycle [GO:0051726]; regulation of cell motility [GO:2000145]; regulation of DNA-templated transcription [GO:0006355]; regulation of endocytosis [GO:0030100]; regulation of hematopoietic stem cell differentiation [GO:1902036]; regulation of microtubule polymerization [GO:0031113]; regulation of modification of synaptic structure [GO:1905244]; regulation of postsynaptic specialization assembly [GO:0099150]; regulation of T cell differentiation [GO:0045580]; response to endoplasmic reticulum stress [GO:0034976]; response to epinephrine [GO:0071871]; response to oxidative stress [GO:0006979]; response to xenobiotic stimulus [GO:0009410]; signal transduction in response to DNA damage [GO:0042770]; spleen development [GO:0048536]; substrate adhesion-dependent cell spreading [GO:0034446]; T cell receptor signaling pathway [GO:0050852]; thymus development [GO:0048538]; transitional one stage B cell differentiation [GO:0002333]; vascular endothelial cell response to oscillatory fluid shear stress [GO:0097706]
Acyl-CoA-binding domain-containing protein 5	ACBD5 KIAA1996	fatty acid catabolic process [GO:0009062]; fatty acid metabolic process [GO:0006631]; pexophagy [GO:0000425]
Activating molecule in BECN1-regulated autophagy protein 1 (DDB1- and CUL4-associated factor 3)	AMBRA1 DCAF3 KIAA1736	autophagosome assembly [GO:0000045]; cell differentiation [GO:0030154]; cellular response to starvation [GO:0009267]; mitophagy [GO:0000423]; negative regulation of cardiac muscle cell apoptotic process [GO:0010667]; negative regulation of cell population proliferation [GO:0008285]; negative regulation of neuron apoptotic process [GO:0043524]; neural tube development [GO:0021915]; positive regulation of autophagy [GO:0010508]; positive regulation of free ubiquitin chain polymerization [GO:1904544]; positive regulation of mitophagy [GO:1901526]; positive regulation of phosphatidylinositol 3-kinase/protein kinase B signal transduction [GO:0051897]; positive regulation of regulatory T cell differentiation [GO:0045591]; proteasome-mediated ubiquitin-dependent protein catabolic process [GO:0043161]; protein polyubiquitination [GO:0000209]; regulation of G1/S transition of mitotic cell cycle [GO:2000045]; regulation of transcription by RNA polymerase II [GO:0006357]; response to mitochondrial depolarisation [GO:0098780]
Arfaptin-2 (ADP-ribosylation factor-interacting protein 2) (Partner of RAC1) (POR1)	ARFIP2 POR1	actin cytoskeleton organization [GO:0030036]; intracellular protein transport [GO:0006886]; lamellipodium assembly [GO:0030032]; mitophagy [GO:0000423]; protein localization to phagophore assembly site [GO:0034497]; regulation of Arp2/3 complex-mediated actin nucleation [GO:0034315]; ruffle organization [GO:0031529]; small GTPase-mediated signal transduction [GO:0007264]
Ubiquitin-like-conjugating enzyme ATG10 (EC 2.3.2.-) (Autophagy-related protein 10) (APG10-like)	ATG10 APG10L PP12616	autophagosome assembly [GO:0000045]; autophagy [GO:0006914]; ER overload response [GO:0006983]; mitophagy [GO:0000423]; protein modification by small protein conjugation [GO:0032446]; protein transport [GO:0015031]
Autophagy-related protein 101	ATG101 C12orf44 PP894	autophagosome assembly [GO:0000045]; negative regulation of cell population proliferation [GO:0008285]; positive regulation of autophagy [GO:0010508]
Ubiquitin-like protein ATG12 (Autophagy-related protein 12) (APG12-like)	ATG12 APG12 APG12L	autophagosome assembly [GO:0000045]; autophagosome maturation [GO:0097352]; autophagy of mitochondrion [GO:0000422]; glycophagy [GO:0061723]; macroautophagy [GO:0016236]; negative regulation of defense response to virus [GO:0050687]; negative regulation of innate immune response [GO:0045824]; negative regulation of type I interferon production [GO:0032480]; piecemeal microautophagy of the nucleus [GO:0034727]; positive regulation of viral translation [GO:1904973]; regulation of autophagosome maturation [GO:1901096]
Autophagy-related protein 13	ATG13 KIAA0652	autophagosome assembly [GO:0000045]; mitophagy [GO:0000423]; negative regulation of cell population proliferation [GO:0008285]; piecemeal microautophagy of the nucleus [GO:0034727]; positive regulation of autophagy [GO:0010508]; positive regulation of protein targeting to mitochondrion [GO:1903955]; protein localization to phagophore assembly site [GO:0034497]; response to mitochondrial depolarisation [GO:0098780]
Beclin 1-associated autophagy-related key regulator (Barkor) (Autophagy-related protein 14-like protein) (Atg14L)	ATG14 ATG14L KIAA0831	autophagosome assembly [GO:0000045]; autophagosome maturation [GO:0097352]; autophagosome membrane docking [GO:0016240]; cellular response to glucose starvation [GO:0042149]; cellular response to starvation [GO:0009267]; defense response to virus [GO:0051607]; early endosome to late endosome transport [GO:0045022]; endosome to lysosome transport [GO:0008333]; innate immune response [GO:0045087]; macroautophagy [GO:0016236]; mitophagy [GO:0000423]; negative regulation of protein phosphorylation [GO:0001933]; phosphatidylinositol 3-kinase/protein kinase B signal transduction [GO:0043491]; phosphatidylinositol-3-phosphate biosynthetic process [GO:0036092]; positive regulation of protein phosphorylation [GO:0001934]; post-transcriptional regulation of gene expression [GO:0010608]; protein targeting to lysosome [GO:0006622]; regulation of macroautophagy [GO:0016241]; regulation of protein complex stability [GO:0061635]; regulation of triglyceride metabolic process [GO:0090207]; response to mitochondrial depolarisation [GO:0098780]
Autophagy-related protein 16-1 (APG16-like 1)	ATG16L1 APG16L UNQ9393/PRO34307	autophagosome assembly [GO:0000045]; axonal transport [GO:0098930]; C-terminal protein lipidation [GO:0006501]; corpus callosum development [GO:0022038]; defense response to virus [GO:0051607]; dendrite arborization [GO:0140059]; hippocampus development [GO:0021766]; macroautophagy [GO:0016236]; microautophagy [GO:0016237]; negative regulation of dendrite extension [GO:1903860]; negative stranded viral RNA replication [GO:0039689]; positive regulation of autophagy [GO:0010508]; protein localization to phagophore assembly site [GO:0034497]; protein transport [GO:0015031]; xenophagy [GO:0098792]
Autophagy-related protein 2 homolog A	ATG2A KIAA0404	autophagosome assembly [GO:0000045]; autophagy of mitochondrion [GO:0000422]; glycophagy [GO:0061723]; pexophagy [GO:0000425]; piecemeal microautophagy of the nucleus [GO:0034727]; positive regulation of autophagosome assembly [GO:2000786]; positive regulation of autophagy [GO:0010508]; reticulophagy [GO:0061709]
Autophagy-related protein 2 homolog B	ATG2B C14orf103	autophagosome assembly [GO:0000045]; autophagy of mitochondrion [GO:0000422]; glycophagy [GO:0061723]; pexophagy [GO:0000425]; piecemeal microautophagy of the nucleus [GO:0034727]; reticulophagy [GO:0061709]
Ubiquitin-like-conjugating enzyme ATG3 (EC 2.3.2.-) (Autophagy-related protein 3) (APG3-like) (hApg3) (Protein PC3-96)	ATG3 APG3 APG3L	autophagosome assembly [GO:0000045]; autophagy of mitochondrion [GO:0000422]; glycophagy [GO:0061723]; mitochondrial fragmentation involved in apoptotic process [GO:0043653]; negative regulation of phagocytosis [GO:0050765]; nucleophagy [GO:0044804]; protein targeting to membrane [GO:0006612]; protein transport [GO:0015031]; protein ubiquitination [GO:0016567]; regulation of cilium assembly [GO:1902017]
Cysteine protease ATG4A (EC 3.4.22.-) (AUT-like 2 cysteine endopeptidase) (Autophagy-related cysteine endopeptidase 2) (Autophagin-2) (Autophagy-related protein 4 homolog A) (HsAPG4A) (hAPG4A)	ATG4A APG4A AUTL2	aggrephagy [GO:0035973]; autophagosome assembly [GO:0000045]; autophagy [GO:0006914]; lipid metabolic process [GO:0006629]; mitophagy [GO:0000423]; piecemeal microautophagy of the nucleus [GO:0034727]; protein delipidation [GO:0051697]; protein processing [GO:0016485]; protein transport [GO:0015031]; proteolysis [GO:0006508]
Cysteine protease ATG4B (EC 3.4.22.-) (AUT-like 1 cysteine endopeptidase) (Autophagy-related cysteine endopeptidase 1) (Autophagin-1) (Autophagy-related protein 4 homolog B) (HsAPG4B) (hAPG4B)	ATG4B APG4B AUTL1 KIAA0943	aggrephagy [GO:0035973]; autophagosome assembly [GO:0000045]; autophagy [GO:0006914]; macroautophagy [GO:0016236]; microautophagy [GO:0016237]; mitophagy [GO:0000423]; otolith mineralization completed early in development [GO:0031173]; piecemeal microautophagy of the nucleus [GO:0034727]; protein delipidation [GO:0051697]; protein localization to phagophore assembly site [GO:0034497]; protein processing [GO:0016485]; protein transport [GO:0015031]; proteolysis [GO:0006508]
Cysteine protease ATG4C (EC 3.4.22.-) (AUT-like 3 cysteine endopeptidase) (Autophagy-related cysteine endopeptidase 3) (Autophagin-3) (Autophagy-related protein 4 homolog C) (HsAPG4C)	ATG4C APG4C AUTL1 AUTL3	aggrephagy [GO:0035973]; autophagosome assembly [GO:0000045]; autophagy [GO:0006914]; mitophagy [GO:0000423]; piecemeal microautophagy of the nucleus [GO:0034727]; protein delipidation [GO:0051697]; protein processing [GO:0016485]; protein transport [GO:0015031]; proteolysis [GO:0006508]
Cysteine protease ATG4D (EC 3.4.22.-) (AUT-like 4 cysteine endopeptidase) (Autophagy-related cysteine endopeptidase 4) (Autophagin-4) (Autophagy-related protein 4 homolog D) (HsAPG4D) [Cleaved into: Cysteine protease ATG4D, mitochondrial]	ATG4D APG4D AUTL4	aggrephagy [GO:0035973]; apoptotic process [GO:0006915]; autophagosome assembly [GO:0000045]; autophagy [GO:0006914]; mitophagy [GO:0000423]; piecemeal microautophagy of the nucleus [GO:0034727]; protein delipidation [GO:0051697]; protein localization to phagophore assembly site [GO:0034497]; protein processing [GO:0016485]; protein transport [GO:0015031]; proteolysis [GO:0006508]
Autophagy protein 5 (APG5-like) (Apoptosis-specific protein)	ATG5 APG5L ASP	aggrephagy [GO:0035973]; antigen processing and presentation of endogenous antigen [GO:0019883]; autophagosome assembly [GO:0000045]; autophagy [GO:0006914]; axonal transport [GO:0098930]; blood vessel remodeling [GO:0001974]; cardiac muscle cell apoptotic process [GO:0010659]; cellular response to nitrogen starvation [GO:0006995]; cellular response to nitrosative stress [GO:0071500]; chaperone-mediated autophagy [GO:0061684]; chromatin organization [GO:0006325]; defense response to virus [GO:0051607]; heart contraction [GO:0060047]; innate immune response [GO:0045087]; macroautophagy [GO:0016236]; mitophagy [GO:0000423]; mucus secretion [GO:0070254]; negative regulation of autophagic cell death [GO:1904093]; negative regulation of cardiac muscle cell apoptotic process [GO:0010667]; negative regulation of defense response to virus [GO:0050687]; negative regulation of innate immune response [GO:0045824]; negative regulation of phagocytosis [GO:0050765]; negative regulation of protein ubiquitination [GO:0031397]; negative regulation of type I interferon production [GO:0032480]; negative stranded viral RNA replication [GO:0039689]; negative thymic T cell selection [GO:0045060]; otolith development [GO:0048840]; piecemeal microautophagy of the nucleus [GO:0034727]; positive regulation of autophagy [GO:0010508]; positive regulation of mucus secretion [GO:0070257]; positive regulation of stress granule assembly [GO:0062029]; positive regulation of viral translation [GO:1904973]; post-translational protein modification [GO:0043687]; postsynaptic modulation of chemical synaptic transmission [GO:0099170]; protein ubiquitination [GO:0016567]; regulation of autophagosome maturation [GO:1901096]; regulation of cilium assembly [GO:1902017]; regulation of cytokine production involved in immune response [GO:0002718]; regulation of postsynaptic membrane neurotransmitter receptor levels [GO:0099072]; regulation of reactive oxygen species metabolic process [GO:2000377]; regulation of release of sequestered calcium ion into cytosol [GO:0051279]; response to fluoride [GO:1902617]; response to fungus [GO:0009620]; response to iron(II) ion [GO:0010040]; response to xenobiotic stimulus [GO:0009410]; vasodilation [GO:0042311]; ventricular cardiac muscle cell development [GO:0055015]
Ubiquitin-like modifier-activating enzyme ATG7 (ATG12-activating enzyme E1 ATG7) (Autophagy-related protein 7) (APG7-like) (hAGP7) (Ubiquitin-activating enzyme E1-like protein)	ATG7 APG7L	autophagosome assembly [GO:0000045]; autophagy [GO:0006914]; cellular response to hyperoxia [GO:0071455]; cellular response to nitrogen starvation [GO:0006995]; cellular response to starvation [GO:0009267]; cellular response to stress [GO:0033554]; defense response to virus [GO:0051607]; macroautophagy [GO:0016236]; mitophagy [GO:0000423]; piecemeal microautophagy of the nucleus [GO:0034727]; positive regulation of apoptotic process [GO:0043065]; positive regulation of protein catabolic process [GO:0045732]; positive regulation of protein modification process [GO:0031401]; protein lipidation [GO:0006497]; protein modification by small protein conjugation [GO:0032446]; protein transport [GO:0015031]; regulation of circadian rhythm [GO:0042752]; rhythmic process [GO:0048511]
Autophagy-related protein 9A (APG9-like 1) (mATG9)	ATG9A APG9L1	autophagosome assembly [GO:0000045]; bone morphogenesis [GO:0060349]; innate immune response [GO:0045087]; mitophagy [GO:0000423]; negative regulation of interferon-beta production [GO:0032688]; negative regulation of macrophage cytokine production [GO:0010936]; piecemeal microautophagy of the nucleus [GO:0034727]; programmed necrotic cell death [GO:0097300]; protein localization to Golgi apparatus [GO:0034067]; protein localization to phagophore assembly site [GO:0034497]; reticulophagy [GO:0061709]
Autophagy-related protein 9B (APG9-like 2) (Nitric oxide synthase 3-overlapping antisense gene protein) (Protein sONE)	ATG9B APG9L2 NOS3AS	autophagosome assembly [GO:0000045]; bone morphogenesis [GO:0060349]; mitophagy [GO:0000423]; piecemeal microautophagy of the nucleus [GO:0034727]; programmed necrotic cell death [GO:0097300]; protein localization to phagophore assembly site [GO:0034497]; reticulophagy [GO:0061709]
Apoptosis regulator Bcl-2	BCL2	actin filament organization [GO:0007015]; apoptotic process [GO:0006915]; autophagy [GO:0006914]; axon regeneration [GO:0031103]; axonogenesis [GO:0007409]; B cell apoptotic process [GO:0001783]; B cell homeostasis [GO:0001782]; B cell lineage commitment [GO:0002326]; B cell proliferation [GO:0042100]; B cell receptor signaling pathway [GO:0050853]; behavioral fear response [GO:0001662]; branching involved in ureteric bud morphogenesis [GO:0001658]; calcium ion transport into cytosol [GO:0060402]; CD8-positive, alpha-beta T cell lineage commitment [GO:0043375]; cell-cell adhesion [GO:0098609]; cellular response to glucose starvation [GO:0042149]; cellular response to hypoxia [GO:0071456]; cochlear nucleus development [GO:0021747]; defense response to virus [GO:0051607]; dendritic cell apoptotic process [GO:0097048]; digestive tract morphogenesis [GO:0048546]; DNA damage response [GO:0006974]; ear development [GO:0043583]; endoplasmic reticulum calcium ion homeostasis [GO:0032469]; epithelial cell apoptotic process [GO:1904019]; extrinsic apoptotic signaling pathway in absence of ligand [GO:0097192]; extrinsic apoptotic signaling pathway via death domain receptors [GO:0008625]; female pregnancy [GO:0007565]; focal adhesion assembly [GO:0048041]; G1/S transition of mitotic cell cycle [GO:0000082]; gland morphogenesis [GO:0022612]; glomerulus development [GO:0032835]; hair follicle morphogenesis [GO:0031069]; hematopoietic stem cell differentiation [GO:0060218]; homeostasis of number of cells within a tissue [GO:0048873]; humoral immune response [GO:0006959]; intrinsic apoptotic signaling pathway in response to DNA damage [GO:0008630]; intrinsic apoptotic signaling pathway in response to endoplasmic reticulum stress [GO:0070059]; intrinsic apoptotic signaling pathway in response to oxidative stress [GO:0008631]; lymphoid progenitor cell differentiation [GO:0002320]; male gonad development [GO:0008584]; melanin metabolic process [GO:0006582]; melanocyte differentiation [GO:0030318]; mesenchymal cell development [GO:0014031]; metanephros development [GO:0001656]; motor neuron apoptotic process [GO:0097049]; myeloid cell apoptotic process [GO:0033028]; negative regulation of anoikis [GO:2000811]; negative regulation of apoptotic process [GO:0043066]; negative regulation of apoptotic signaling pathway [GO:2001234]; negative regulation of autophagy [GO:0010507]; negative regulation of B cell apoptotic process [GO:0002903]; negative regulation of calcium ion transport into cytosol [GO:0010523]; negative regulation of cell growth [GO:0030308]; negative regulation of cell migration [GO:0030336]; negative regulation of cellular pH reduction [GO:0032848]; negative regulation of dendritic cell apoptotic process [GO:2000669]; negative regulation of epithelial cell apoptotic process [GO:1904036]; negative regulation of extrinsic apoptotic signaling pathway in absence of ligand [GO:2001240]; negative regulation of G1/S transition of mitotic cell cycle [GO:2000134]; negative regulation of intrinsic apoptotic signaling pathway [GO:2001243]; negative regulation of intrinsic apoptotic signaling pathway in response to DNA damage by p53 class mediator [GO:1902166]; negative regulation of mitochondrial depolarization [GO:0051902]; negative regulation of motor neuron apoptotic process [GO:2000672]; negative regulation of myeloid cell apoptotic process [GO:0033033]; negative regulation of neuron apoptotic process [GO:0043524]; negative regulation of ossification [GO:0030279]; negative regulation of osteoblast proliferation [GO:0033689]; negative regulation of retinal cell programmed cell death [GO:0046671]; negative regulation of T cell apoptotic process [GO:0070233]; neuron apoptotic process [GO:0051402]; neuron maturation [GO:0042551]; oocyte development [GO:0048599]; organ growth [GO:0035265]; ossification [GO:0001503]; osteoblast proliferation [GO:0033687]; ovarian follicle development [GO:0001541]; pigment granule organization [GO:0048753]; positive regulation of apoptotic process [GO:0043065]; positive regulation of B cell proliferation [GO:0030890]; positive regulation of cell growth [GO:0030307]; positive regulation of cell population proliferation [GO:0008284]; positive regulation of melanocyte differentiation [GO:0045636]; positive regulation of multicellular organism growth [GO:0040018]; positive regulation of neuron maturation [GO:0014042]; positive regulation of skeletal muscle fiber development [GO:0048743]; positive regulation of smooth muscle cell migration [GO:0014911]; post-embryonic development [GO:0009791]; protein polyubiquitination [GO:0000209]; reactive oxygen species metabolic process [GO:0072593]; regulation of calcium ion transport [GO:0051924]; regulation of cell-matrix adhesion [GO:0001952]; regulation of gene expression [GO:0010468]; regulation of glycoprotein biosynthetic process [GO:0010559]; regulation of mitochondrial membrane permeability [GO:0046902]; regulation of mitochondrial membrane potential [GO:0051881]; regulation of nitrogen utilization [GO:0006808]; regulation of protein localization [GO:0032880]; regulation of protein stability [GO:0031647]; regulation of viral genome replication [GO:0045069]; release of cytochrome c from mitochondria [GO:0001836]; renal system process [GO:0003014]; response to cytokine [GO:0034097]; response to gamma radiation [GO:0010332]; response to glucocorticoid [GO:0051384]; response to hydrogen peroxide [GO:0042542]; response to iron ion [GO:0010039]; response to ischemia [GO:0002931]; response to nicotine [GO:0035094]; response to radiation [GO:0009314]; response to toxic substance [GO:0009636]; response to UV-B [GO:0010224]; response to xenobiotic stimulus [GO:0009410]; retinal cell programmed cell death [GO:0046666]; skeletal muscle fiber development [GO:0048741]; smooth muscle cell migration [GO:0014909]; spleen development [GO:0048536]; stem cell development [GO:0048864]; T cell apoptotic process [GO:0070231]; T cell differentiation in thymus [GO:0033077]; T cell homeostasis [GO:0043029]; thymus development [GO:0048538]
Beclin-1 (Coiled-coil myosin-like BCL2-interacting protein) (Protein GT197) [Cleaved into: Beclin-1-C 35 kDa; Beclin-1-C 37 kDa]	BECN1 GT197	amyloid-beta metabolic process [GO:0050435]; apoptotic process [GO:0006915]; autophagosome assembly [GO:0000045]; autophagosome maturation [GO:0097352]; autophagy [GO:0006914]; bone development [GO:0060348]; cell division [GO:0051301]; cellular defense response [GO:0006968]; cellular response to aluminum ion [GO:0071275]; cellular response to amino acid starvation [GO:0034198]; cellular response to copper ion [GO:0071280]; cellular response to epidermal growth factor stimulus [GO:0071364]; cellular response to glucose starvation [GO:0042149]; cellular response to hydrogen peroxide [GO:0070301]; cellular response to nitrogen starvation [GO:0006995]; cellular response to oxygen-glucose deprivation [GO:0090650]; circadian rhythm [GO:0007623]; cytoplasmic pattern recognition receptor signaling pathway [GO:0002753]; defense response to virus [GO:0051607]; early endosome to late endosome transport [GO:0045022]; engulfment of apoptotic cell [GO:0043652]; JNK cascade [GO:0007254]; late endosome to vacuole transport [GO:0045324]; lysosome organization [GO:0007040]; macroautophagy [GO:0016236]; mitophagy [GO:0000423]; mitotic metaphase chromosome alignment [GO:0007080]; negative regulation of apoptotic process [GO:0043066]; negative regulation of autophagosome assembly [GO:1902902]; negative regulation of cell population proliferation [GO:0008285]; negative regulation of lysosome organization [GO:1905672]; negative regulation of programmed cell death [GO:0043069]; neuron development [GO:0048666]; p38MAPK cascade [GO:0038066]; phosphatidylinositol-3-phosphate biosynthetic process [GO:0036092]; positive regulation of attachment of mitotic spindle microtubules to kinetochore [GO:1902425]; positive regulation of autophagosome assembly [GO:2000786]; positive regulation of autophagy [GO:0010508]; positive regulation of cardiac muscle hypertrophy [GO:0010613]; positive regulation of intrinsic apoptotic signaling pathway [GO:2001244]; positive regulation of phosphatidylinositol 3-kinase/protein kinase B signal transduction [GO:0051897]; positive regulation of stress granule assembly [GO:0062029]; protein secretion [GO:0009306]; protein targeting to lysosome [GO:0006622]; protein-containing complex assembly [GO:0065003]; receptor catabolic process [GO:0032801]; regulation of autophagy [GO:0010506]; regulation of cytokinesis [GO:0032465]; regulation of macroautophagy [GO:0016241]; response to hypoxia [GO:0001666]; response to iron(II) ion [GO:0010040]; response to lead ion [GO:0010288]; response to mitochondrial depolarisation [GO:0098780]; response to vitamin E [GO:0033197]; response to xenobiotic stimulus [GO:0009410]; SMAD protein signal transduction [GO:0060395]
Beclin-2 (Beclin-1 autophagy-related pseudogene 1) (Beclin-1-like protein 1)	BECN2 BECN1L1 BECN1P1	autophagosome assembly [GO:0000045]; autophagy [GO:0006914]; cellular response to nitrogen starvation [GO:0006995]; endosome to lysosome transport [GO:0008333]; G protein-coupled receptor catabolic process [GO:1990172]; glucose homeostasis [GO:0042593]; late endosome to vacuole transport [GO:0045324]; mitophagy [GO:0000423]
Guanine nucleotide exchange factor C9orf72	C9orf72 DENND9 DENNL72	autophagosome-lysosome fusion [GO:0061909]; autophagy [GO:0006914]; axon extension [GO:0048675]; endocytosis [GO:0006897]; late endosome to lysosome transport [GO:1902774]; negative regulation of exocytosis [GO:0045920]; negative regulation of immune response [GO:0050777]; negative regulation of protein phosphorylation [GO:0001933]; positive regulation of macroautophagy [GO:0016239]; regulation of actin filament organization [GO:0110053]; regulation of autophagosome assembly [GO:2000785]; regulation of autophagy [GO:0010506]; regulation of protein localization [GO:0032880]; regulation of synaptic vesicle cycle [GO:0098693]; regulation of TORC1 signaling [GO:1903432]; stress granule assembly [GO:0034063]
Calcium-binding and coiled-coil domain-containing protein 2 (Antigen nuclear dot 52 kDa protein) (Nuclear domain 10 protein NDP52) (Nuclear domain 10 protein 52) (Nuclear dot protein 52)	CALCOCO2 NDP52	positive regulation of autophagosome maturation [GO:1901098]; response to type II interferon [GO:0034341]; viral process [GO:0016032]; xenophagy [GO:0098792]
SLAM family member 5 (Cell surface antigen MAX.3) (Hly9-beta) (Leukocyte differentiation antigen CD84) (Signaling lymphocytic activation molecule 5) (CD antigen CD84)	CD84 SLAMF5	adaptive immune response [GO:0002250]; autophagy [GO:0006914]; defense response [GO:0006952]; homophilic cell adhesion via plasma membrane adhesion molecules [GO:0007156]; immune response [GO:0006955]; innate immune response [GO:0045087]; negative regulation of granulocyte macrophage colony-stimulating factor production [GO:0032685]; negative regulation of interleukin-18 production [GO:0032701]; negative regulation of mast cell activation [GO:0033004]; negative regulation of mast cell degranulation [GO:0043305]; regulation of store-operated calcium entry [GO:2001256]; T cell activation [GO:0042110]
CDGSH iron-sulfur domain-containing protein 2 (Endoplasmic reticulum intermembrane small protein) (MitoNEET-related 1 protein) (Miner1) (Nutrient-deprivation autophagy factor-1) (NAF-1)	CISD2 CDGSH2 ERIS ZCD2	autophagy of mitochondrion [GO:0000422]; regulation of autophagy [GO:0010506]
Protein CLEC16A (C-type lectin domain family 16 member A)	CLEC16A KIAA0350	cellular response to starvation [GO:0009267]; endosomal transport [GO:0016197]; mitophagy [GO:0000423]; negative regulation of autophagosome maturation [GO:1901097]; positive regulation of TORC1 signaling [GO:1904263]; regulation of autophagosome maturation [GO:1901096]; vacuolar transport [GO:0007034]
Clathrin heavy chain 1 (Clathrin heavy chain on chromosome 17) (CLH-17)	CLTC CLH17 CLTCL2 KIAA0034	amyloid-beta clearance by transcytosis [GO:0150093]; autophagy [GO:0006914]; cell division [GO:0051301]; clathrin coat assembly [GO:0048268]; clathrin coat disassembly [GO:0072318]; clathrin-dependent endocytosis [GO:0072583]; intracellular protein transport [GO:0006886]; mitotic cell cycle [GO:0000278]; negative regulation of hyaluronan biosynthetic process [GO:1900126]; negative regulation of protein localization to plasma membrane [GO:1903077]; osteoblast differentiation [GO:0001649]; receptor internalization [GO:0031623]; receptor-mediated endocytosis [GO:0006898]; regulation of mitotic spindle organization [GO:0060236]; retrograde transport, endosome to Golgi [GO:0042147]; transferrin transport [GO:0033572]
Death-associated protein 1 (DAP-1)	DAP DAP1	apoptotic process [GO:0006915]; apoptotic signaling pathway [GO:0097190]; autophagy [GO:0006914]; negative regulation of autophagy [GO:0010507]; ribosome hibernation [GO:0141014]
Protein DEPP1 (Decidual protein induced by progesterone) (Fasting-induced gene protein) (FIG)	DEPP1 C10orf10 DEPP FIG	autophagy [GO:0006914]; regulation of autophagy [GO:0010506]
DNA damage-regulated autophagy modulator protein 1 (Damage-regulated autophagy modulator)	DRAM1 DRAM	apoptotic process [GO:0006915]; autophagy [GO:0006914]; cellular response to oxygen-glucose deprivation [GO:0090650]; regulation of autophagy [GO:0010506]
DNA damage-regulated autophagy modulator protein 2 (Transmembrane protein 77)	DRAM2 TMEM77 PSEC0031 UNQ154/PRO180	apoptotic process [GO:0006915]; autophagy [GO:0006914]; cell population proliferation [GO:0008283]; photoreceptor cell maintenance [GO:0045494]; regulation of autophagy [GO:0010506]; retina development in camera-type eye [GO:0060041]; visual perception [GO:0007601]
Etoposide-induced protein 2.4 homolog (p53-induced gene 8 protein)	EI24 PIG8	apoptotic process [GO:0006915]; cellular response to UV-C [GO:0071494]; intrinsic apoptotic signaling pathway in response to DNA damage [GO:0008630]; macroautophagy [GO:0016236]; negative regulation of cell growth [GO:0030308]; negative regulation of protein import into nucleus [GO:0042308]; neuromuscular process controlling balance [GO:0050885]; positive regulation of intrinsic apoptotic signaling pathway [GO:2001244]; response to xenobiotic stimulus [GO:0009410]
Endosome/lysosome-associated apoptosis and autophagy regulator 1 (Estrogen-induced gene 121 protein)	ELAPOR1 EIG121 KIAA1324 UNQ2426/PRO4985	autophagosome assembly [GO:0000045]; cellular response to starvation [GO:0009267]; positive regulation of autophagosome assembly [GO:2000786]; positive regulation of vacuole organization [GO:0044090]
Ectopic P granules protein 5 homolog	EPG5 KIAA1632	autophagosome maturation [GO:0097352]; cellular response to dsDNA [GO:1990786]; defense response to virus [GO:0051607]; endocytic recycling [GO:0032456]; endosome to lysosome transport [GO:0008333]; gene expression [GO:0010467]; homeostasis of number of retina cells [GO:0048877]; host-mediated modulation of intestinal microbiota composition [GO:0048874]; inclusion body assembly [GO:0070841]; inflammatory response [GO:0006954]; interferon-mediated signaling pathway [GO:0140888]; maintenance of protein complex location [GO:0098544]; mucosal immune response [GO:0002385]; neuron apoptotic process [GO:0051402]; nucleotide transport [GO:0006862]; photoreceptor cell differentiation [GO:0046530]; protein aggregate center assembly [GO:0140454]; response to type III interferon [GO:0034342]; response to unfolded protein [GO:0006986]; toll-like receptor 9 signaling pathway [GO:0034162]; ubiquitin-dependent protein catabolic process [GO:0006511]
Laforin (EC 3.1.3.-) (EC 3.1.3.16) (EC 3.1.3.48) (Glucan phosphatase) (Glycogen phosphatase) (Lafora PTPase) (LAFPTPase)	EPM2A	autophagosome assembly [GO:0000045]; calcium ion transport [GO:0006816]; carbohydrate phosphorylation [GO:0046835]; dephosphorylation [GO:0016311]; glial cell proliferation [GO:0014009]; glycogen biosynthetic process [GO:0005978]; glycogen metabolic process [GO:0005977]; habituation [GO:0046959]; L-glutamate transmembrane transport [GO:0015813]; mitochondrion organization [GO:0007005]; negative regulation of cell cycle [GO:0045786]; negative regulation of dephosphorylation [GO:0035305]; negative regulation of gene expression [GO:0010629]; negative regulation of phosphatase activity [GO:0010923]; peptidyl-tyrosine dephosphorylation [GO:0035335]; positive regulation of macroautophagy [GO:0016239]; proteasome-mediated ubiquitin-dependent protein catabolic process [GO:0043161]; protein dephosphorylation [GO:0006470]; regulation of cell growth [GO:0001558]; regulation of proteasomal protein catabolic process [GO:0061136]; regulation of protein import into nucleus [GO:0042306]; regulation of protein localization to plasma membrane [GO:1903076]; regulation of protein ubiquitination [GO:0031396]; Wnt signaling pathway [GO:0016055]
Protein eva-1 homolog A (Protein FAM176A) (Transmembrane protein 166)	EVA1A FAM176A TMEM166 SP24	apoptotic process [GO:0006915]; autophagy [GO:0006914]; cardiac left ventricle morphogenesis [GO:0003214]; connective tissue replacement [GO:0097709]; energy reserve metabolic process [GO:0006112]; lung development [GO:0030324]; post-embryonic development [GO:0009791]; TOR signaling [GO:0031929]
Formin-binding protein 1-like (Transducer of Cdc42-dependent actin assembly protein 1) (Toca-1)	FNBP1L C1orf39 TOCA1	autophagy [GO:0006914]; cilium assembly [GO:0060271]; clathrin-dependent endocytosis [GO:0072583]; membrane invagination [GO:0010324]; plasma membrane tubulation [GO:0097320]; positive regulation of filopodium assembly [GO:0051491]; signal transduction [GO:0007165]; vesicle budding from membrane [GO:0006900]; vesicle organization [GO:0016050]; vesicle transport along actin filament [GO:0030050]
Forkhead box protein O1 (Forkhead box protein O1A) (Forkhead in rhabdomyosarcoma)	FOXO1 FKHR FOXO1A	apoptotic process [GO:0006915]; autophagy [GO:0006914]; blood vessel development [GO:0001568]; canonical Wnt signaling pathway [GO:0060070]; cellular response to cold [GO:0070417]; cellular response to hyperoxia [GO:0071455]; cellular response to insulin stimulus [GO:0032869]; cellular response to nitric oxide [GO:0071732]; cellular response to oxidative stress [GO:0034599]; cellular response to starvation [GO:0009267]; DNA damage response [GO:0006974]; energy homeostasis [GO:0097009]; fat cell differentiation [GO:0045444]; gene expression [GO:0010467]; insulin receptor signaling pathway [GO:0008286]; intracellular glucose homeostasis [GO:0001678]; negative regulation of apoptotic process [GO:0043066]; negative regulation of canonical Wnt signaling pathway [GO:0090090]; negative regulation of cardiac muscle hypertrophy in response to stress [GO:1903243]; negative regulation of DNA-templated transcription [GO:0045892]; negative regulation of fat cell differentiation [GO:0045599]; negative regulation of insulin secretion [GO:0046676]; negative regulation of stress-activated MAPK cascade [GO:0032873]; neuronal stem cell population maintenance [GO:0097150]; positive regulation of apoptotic process [GO:0043065]; positive regulation of autophagy [GO:0010508]; positive regulation of DNA-templated transcription [GO:0045893]; positive regulation of gluconeogenesis [GO:0045722]; positive regulation of protein catabolic process [GO:0045732]; positive regulation of smooth muscle cell apoptotic process [GO:0034393]; positive regulation of transcription by RNA polymerase II [GO:0045944]; protein acetylation [GO:0006473]; regulation of neural precursor cell proliferation [GO:2000177]; regulation of reactive oxygen species metabolic process [GO:2000377]; regulation of transcription by RNA polymerase II [GO:0006357]; regulation of transcription initiation by RNA polymerase II [GO:0060260]; response to fatty acid [GO:0070542]; temperature homeostasis [GO:0001659]
FUN14 domain-containing protein 1	FUNDC1	autophagy of mitochondrion [GO:0000422]; mitochondrial fusion [GO:0008053]; mitophagy [GO:0000423]; response to hypoxia [GO:0001666]
Gamma-aminobutyric acid receptor-associated protein (GABA(A) receptor-associated protein) (MM46)	GABARAP FLC3B HT004	autophagosome assembly [GO:0000045]; autophagosome maturation [GO:0097352]; cellular response to nitrogen starvation [GO:0006995]; chemical synaptic transmission [GO:0007268]; extrinsic apoptotic signaling pathway via death domain receptors [GO:0008625]; microtubule cytoskeleton organization [GO:0000226]; mitophagy [GO:0000423]; positive regulation of proteasomal ubiquitin-dependent protein catabolic process [GO:0032436]; positive regulation of protein K48-linked ubiquitination [GO:1902524]; protein targeting [GO:0006605]; protein transport [GO:0015031]; regulation of neurotransmitter receptor localization to postsynaptic specialization membrane [GO:0098696]; regulation of Rac protein signal transduction [GO:0035020]
Gamma-aminobutyric acid receptor-associated protein-like 1 (Early estrogen-regulated protein) (GABA(A) receptor-associated protein-like 1) (Glandular epithelial cell protein 1) (GEC-1)	GABARAPL1 GEC1	autophagosome assembly [GO:0000045]; autophagosome maturation [GO:0097352]; cellular response to nitrogen starvation [GO:0006995]; glycophagy [GO:0061723]; mitophagy [GO:0000423]
Gamma-aminobutyric acid receptor-associated protein-like 2 (GABA(A) receptor-associated protein-like 2) (Ganglioside expression factor 2) (GEF-2) (General protein transport factor p16) (Golgi-associated ATPase enhancer of 16 kDa) (GATE-16) (MAP1 light chain 3-related protein)	GABARAPL2 FLC3A GEF2	autophagosome assembly [GO:0000045]; autophagosome maturation [GO:0097352]; autophagy [GO:0006914]; cellular response to nitrogen starvation [GO:0006995]; intra-Golgi vesicle-mediated transport [GO:0006891]; mitophagy [GO:0000423]; negative regulation of proteasomal protein catabolic process [GO:1901799]; positive regulation of ATP-dependent activity [GO:0032781]; protein localization to endoplasmic reticulum [GO:0070972]; protein transport [GO:0015031]
Integral membrane protein GPR137 (Transmembrane 7 superfamily member 1-like 1 protein)	GPR137 C11orf4 GPR137A TM7SF1L1	autophagy [GO:0006914]; negative regulation of bone resorption [GO:0045779]; negative regulation of osteoclast differentiation [GO:0045671]; positive regulation of TORC1 signaling [GO:1904263]; regulation of autophagy [GO:0010506]
Integral membrane protein GPR137B (Transmembrane 7 superfamily member 1 protein)	GPR137B TM7SF1	autophagy [GO:0006914]; negative regulation of bone resorption [GO:0045779]; negative regulation of osteoclast differentiation [GO:0045671]; positive regulation of protein localization to lysosome [GO:0150032]; positive regulation of TORC1 signaling [GO:1904263]; regulation of autophagy [GO:0010506]; regulation of GTPase activity [GO:0043087]; regulation of macrophage activation [GO:0043030]
Protein Aster-A (GRAM domain-containing protein 1A)	GRAMD1A KIAA1533	autophagy [GO:0006914]; cellular response to cholesterol [GO:0071397]; intracellular sterol transport [GO:0032366]
Huntingtin-associated protein 1 (HAP-1) (Neuroan 1)	HAP1 HAP2 HLP1	anterograde axonal transport [GO:0008089]; autophagy [GO:0006914]; brain development [GO:0007420]; cell projection organization [GO:0030030]; cerebellum development [GO:0021549]; chemical synaptic transmission [GO:0007268]; exocytosis [GO:0006887]; hypothalamus cell differentiation [GO:0021979]; intracellular protein localization [GO:0008104]; mitochondrion distribution [GO:0048311]; negative regulation of amyloid-beta formation [GO:1902430]; neurogenesis [GO:0022008]; neurotrophin TRK receptor signaling pathway [GO:0048011]; positive regulation of epidermal growth factor receptor signaling pathway [GO:0045742]; positive regulation of inositol 1,4,5-trisphosphate-sensitive calcium-release channel activity [GO:0031587]; positive regulation of neurogenesis [GO:0050769]; positive regulation of neurotrophin production [GO:0032901]; positive regulation of non-motile cilium assembly [GO:1902857]; positive regulation of synaptic transmission, GABAergic [GO:0032230]; protein targeting [GO:0006605]; protein transport [GO:0015031]; regulation of exocytosis [GO:0017157]; regulation of organelle transport along microtubule [GO:1902513]; retrograde axonal transport [GO:0008090]; vesicle transport along microtubule [GO:0047496]
Polyamine deacetylase HDAC10 (EC 3.5.1.48) (EC 3.5.1.62) (Histone deacetylase 10) (HD10)	HDAC10	chromatin organization [GO:0006325]; DNA repair [GO:0006281]; homologous recombination [GO:0035825]; macroautophagy [GO:0016236]; negative regulation of DNA-templated transcription [GO:0045892]; negative regulation of transcription by RNA polymerase II [GO:0000122]; polyamine deacetylation [GO:0106047]; positive regulation of mismatch repair [GO:0032425]; regulation of DNA-templated transcription [GO:0006355]; spermidine deacetylation [GO:0106048]
Protein deacetylase HDAC6 (EC 3.5.1.-) (E3 ubiquitin-protein ligase HDAC6) (EC 2.3.2.-) (Tubulin-lysine deacetylase HDAC6) (EC 3.5.1.-)	HDAC6 KIAA0901 JM21	actin filament organization [GO:0007015]; aggresome assembly [GO:0070842]; axonal transport of mitochondrion [GO:0019896]; cellular response to heat [GO:0034605]; cellular response to hydrogen peroxide [GO:0070301]; cellular response to misfolded protein [GO:0071218]; cellular response to topologically incorrect protein [GO:0035967]; cilium assembly [GO:0060271]; cilium disassembly [GO:0061523]; collateral sprouting [GO:0048668]; dendritic spine morphogenesis [GO:0060997]; epidermal growth factor receptor signaling pathway [GO:0007173]; erythrocyte enucleation [GO:0043131]; intracellular protein transport [GO:0006886]; lysosome localization [GO:0032418]; negative regulation of aggrephagy [GO:1905336]; negative regulation of DNA-templated transcription [GO:0045892]; negative regulation of gene expression, epigenetic [GO:0045814]; negative regulation of hydrogen peroxide metabolic process [GO:0010727]; negative regulation of microtubule depolymerization [GO:0007026]; negative regulation of protein-containing complex assembly [GO:0031333]; negative regulation of protein-containing complex disassembly [GO:0043242]; negative regulation of proteolysis [GO:0045861]; polyubiquitinated misfolded protein transport [GO:0070845]; positive regulation of epithelial cell migration [GO:0010634]; positive regulation of intracellular estrogen receptor signaling pathway [GO:0033148]; positive regulation of protein oligomerization [GO:0032461]; positive regulation of type 2 mitophagy [GO:1905091]; protein deacetylation [GO:0006476]; protein destabilization [GO:0031648]; protein polyubiquitination [GO:0000209]; protein quality control for misfolded or incompletely synthesized proteins [GO:0006515]; protein-containing complex disassembly [GO:0032984]; regulation of androgen receptor signaling pathway [GO:0060765]; regulation of autophagy [GO:0010506]; regulation of autophagy of mitochondrion [GO:1903146]; regulation of establishment of protein localization [GO:0070201]; regulation of fat cell differentiation [GO:0045598]; regulation of macroautophagy [GO:0016241]; regulation of microtubule-based movement [GO:0060632]; regulation of protein stability [GO:0031647]; response to misfolded protein [GO:0051788]; tubulin deacetylation [GO:0090042]; type 2 mitophagy [GO:0061734]; ubiquitin-dependent protein catabolic process via the multivesicular body sorting pathway [GO:0043162]
High mobility group protein B1 (High mobility group protein 1) (HMG-1)	HMGB1 HMG1	activation of innate immune response [GO:0002218]; apoptotic cell clearance [GO:0043277]; autophagy [GO:0006914]; base-excision repair [GO:0006284]; cellular response to interleukin-7 [GO:0098761]; cellular response to lipopolysaccharide [GO:0071222]; chromatin remodeling [GO:0006338]; dendritic cell chemotaxis [GO:0002407]; DNA geometric change [GO:0032392]; DNA recombination [GO:0006310]; DNA topological change [GO:0006265]; double-strand break repair [GO:0006302]; double-strand break repair via nonhomologous end joining [GO:0006303]; endothelial cell chemotaxis [GO:0035767]; endothelial cell proliferation [GO:0001935]; eye development [GO:0001654]; glycogen catabolic process [GO:0005980]; heterochromatin formation [GO:0031507]; inflammatory response [GO:0006954]; inflammatory response to antigenic stimulus [GO:0002437]; innate immune response [GO:0045087]; lung development [GO:0030324]; macrophage activation involved in immune response [GO:0002281]; myeloid cell differentiation [GO:0030099]; myeloid dendritic cell activation [GO:0001773]; myeloid progenitor cell differentiation [GO:0002318]; negative regulation of apoptotic cell clearance [GO:2000426]; negative regulation of blood vessel endothelial cell migration [GO:0043537]; negative regulation of CD4-positive, alpha-beta T cell differentiation [GO:0043371]; negative regulation of RNA polymerase II transcription preinitiation complex assembly [GO:0017055]; negative regulation of transcription by RNA polymerase II [GO:0000122]; negative regulation of type II interferon production [GO:0032689]; neuron projection development [GO:0031175]; neutrophil clearance [GO:0097350]; plasmacytoid dendritic cell activation [GO:0002270]; positive regulation of activated T cell proliferation [GO:0042104]; positive regulation of apoptotic process [GO:0043065]; positive regulation of autophagy [GO:0010508]; positive regulation of blood vessel endothelial cell migration [GO:0043536]; positive regulation of chemokine (C-X-C motif) ligand 2 production [GO:2000343]; positive regulation of cytosolic calcium ion concentration [GO:0007204]; positive regulation of dendritic cell differentiation [GO:2001200]; positive regulation of DNA binding [GO:0043388]; positive regulation of ERK1 and ERK2 cascade [GO:0070374]; positive regulation of glycogen catabolic process [GO:0045819]; positive regulation of interferon-alpha production [GO:0032727]; positive regulation of interferon-beta production [GO:0032728]; positive regulation of interleukin-1 beta production [GO:0032731]; positive regulation of interleukin-1 production [GO:0032732]; positive regulation of interleukin-10 production [GO:0032733]; positive regulation of interleukin-12 production [GO:0032735]; positive regulation of interleukin-6 production [GO:0032755]; positive regulation of interleukin-8 production [GO:0032757]; positive regulation of JNK cascade [GO:0046330]; positive regulation of MAPK cascade [GO:0043410]; positive regulation of mismatch repair [GO:0032425]; positive regulation of monocyte chemotactic protein-1 production [GO:0071639]; positive regulation of monocyte chemotaxis [GO:0090026]; positive regulation of myeloid cell differentiation [GO:0045639]; positive regulation of myeloid progenitor cell differentiation [GO:1905455]; positive regulation of non-canonical NF-kappaB signal transduction [GO:1901224]; positive regulation of sprouting angiogenesis [GO:1903672]; positive regulation of toll-like receptor 2 signaling pathway [GO:0034137]; positive regulation of toll-like receptor 4 signaling pathway [GO:0034145]; positive regulation of toll-like receptor 9 signaling pathway [GO:0034165]; positive regulation of transcription by RNA polymerase II [GO:0045944]; positive regulation of tumor necrosis factor production [GO:0032760]; positive regulation of vascular endothelial cell proliferation [GO:1905564]; positive regulation of viral entry into host cell [GO:0046598]; positive regulation of wound healing [GO:0090303]; regulation of nucleotide-excision repair [GO:2000819]; regulation of restriction endodeoxyribonuclease activity [GO:0032072]; regulation of T cell mediated immune response to tumor cell [GO:0002840]; regulation of tolerance induction [GO:0002643]; response to glucocorticoid [GO:0051384]; T-helper 1 cell activation [GO:0035711]; T-helper 1 cell differentiation [GO:0045063]; transcription by RNA polymerase II [GO:0006366]; V(D)J recombination [GO:0033151]
Heat shock cognate 71 kDa protein (EC 3.6.4.10) (Heat shock 70 kDa protein 8) (Heat shock protein family A member 8) (Lipopolysaccharide-associated protein 1) (LAP-1) (LPS-associated protein 1)	HSPA8 HSC70 HSP73 HSPA10	ATP metabolic process [GO:0046034]; cellular response to starvation [GO:0009267]; cellular response to steroid hormone stimulus [GO:0071383]; chaperone-mediated autophagy [GO:0061684]; chaperone-mediated autophagy translocation complex disassembly [GO:1904764]; clathrin coat disassembly [GO:0072318]; membrane organization [GO:0061024]; mRNA splicing, via spliceosome [GO:0000398]; negative regulation of DNA-templated transcription [GO:0045892]; negative regulation of NLRP3 inflammasome complex assembly [GO:1900226]; negative regulation of supramolecular fiber organization [GO:1902904]; positive regulation of cell migration [GO:0030335]; positive regulation of ferroptosis [GO:0160020]; protein folding [GO:0006457]; protein refolding [GO:0042026]; protein targeting to lysosome involved in chaperone-mediated autophagy [GO:0061740]; regulation of protein complex stability [GO:0061635]; regulation of protein import [GO:1904589]; regulation of protein stability [GO:0031647]; regulation of protein-containing complex assembly [GO:0043254]; response to unfolded protein [GO:0006986]
Gamma-interferon-inducible protein 16 (Ifi-16) (Interferon-inducible myeloid differentiation transcriptional activator)	IFI16 IFNGIP1	activation of innate immune response [GO:0002218]; autophagy [GO:0006914]; cellular response to glucose starvation [GO:0042149]; cellular response to interferon-beta [GO:0035458]; cellular response to ionizing radiation [GO:0071479]; defense response to virus [GO:0051607]; inflammatory response [GO:0006954]; innate immune response [GO:0045087]; intrinsic apoptotic signaling pathway by p53 class mediator [GO:0072332]; intrinsic apoptotic signaling pathway in response to DNA damage by p53 class mediator [GO:0042771]; monocyte differentiation [GO:0030224]; myeloid cell differentiation [GO:0030099]; negative regulation of AIM2 inflammasome complex assembly [GO:0140972]; negative regulation of DNA binding [GO:0043392]; negative regulation of DNA-templated transcription [GO:0045892]; negative regulation of gene expression, epigenetic [GO:0045814]; negative regulation of innate immune response [GO:0045824]; negative regulation of transcription by RNA polymerase II [GO:0000122]; negative regulation of viral genome replication [GO:0045071]; positive regulation of cytokine production [GO:0001819]; positive regulation of interleukin-1 beta production [GO:0032731]; positive regulation of transcription by RNA polymerase II [GO:0045944]; regulation of autophagy [GO:0010506]; regulation of inflammatory response [GO:0050727]
Interferon regulatory factor 8 (IRF-8) (Interferon consensus sequence-binding protein) (H-ICSBP) (ICSBP)	IRF8 ICSBP1	autophagy [GO:0006914]; cellular response to lipopolysaccharide [GO:0071222]; cellular response to type II interferon [GO:0071346]; defense response to bacterium [GO:0042742]; defense response to protozoan [GO:0042832]; dendritic cell differentiation [GO:0097028]; follicular B cell differentiation [GO:0002316]; germinal center B cell differentiation [GO:0002314]; immune response [GO:0006955]; immune system process [GO:0002376]; myeloid cell differentiation [GO:0030099]; negative regulation of transcription by RNA polymerase II [GO:0000122]; phagocytosis [GO:0006909]; plasmacytoid dendritic cell differentiation [GO:0002273]; positive regulation of apoptotic process [GO:0043065]; positive regulation of interleukin-12 production [GO:0032735]; positive regulation of transcription by RNA polymerase II [GO:0045944]; positive regulation of type II interferon production [GO:0032729]; regulation of transcription by RNA polymerase II [GO:0006357]; regulation of type I interferon production [GO:0032479]
Immunity-related GTPase family M protein (EC 3.6.5.-) (Immunity-related GTPase family M protein 1) (Interferon-inducible protein 1) (LPS-stimulated RAW 264.7 macrophage protein 47 homolog) (LRG-47)	IRGM IFI1 IRGM1 LRG47	autophagosome assembly [GO:0000045]; autophagosome maturation [GO:0097352]; CAMKK-AMPK signaling cascade [GO:0061762]; cellular response to interferon-beta [GO:0035458]; cellular response to lipopolysaccharide [GO:0071222]; cellular response to virus [GO:0098586]; defense response to bacterium [GO:0042742]; defense response to Gram-negative bacterium [GO:0050829]; inflammatory response [GO:0006954]; innate immune response [GO:0045087]; negative regulation of canonical NF-kappaB signal transduction [GO:0043124]; negative regulation of cGAS/STING signaling pathway [GO:0160049]; negative regulation of defense response to virus [GO:0050687]; negative regulation of inflammatory response [GO:0050728]; negative regulation of NLRP3 inflammasome complex assembly [GO:1900226]; negative regulation of type I interferon production [GO:0032480]; negative regulation of type II interferon production [GO:0032689]; nucleotide-binding oligomerization domain containing 2 signaling pathway [GO:0070431]; positive regulation of autophagosome maturation [GO:1901098]; positive regulation of autophagy [GO:0010508]; positive regulation of lysosome organization [GO:1905673]; positive regulation of macrophage activation [GO:0043032]; positive regulation of mitochondrial fission [GO:0090141]; positive regulation of mitophagy [GO:1901526]; positive regulation of peptidyl-serine phosphorylation [GO:0033138]; positive regulation of peptidyl-threonine phosphorylation [GO:0010800]; positive regulation of protein phosphorylation [GO:0001934]; positive regulation of protein serine/threonine kinase activity [GO:0071902]; positive regulation of type II interferon-mediated signaling pathway [GO:0060335]; positive regulation of xenophagy [GO:1904417]; protein destabilization [GO:0031648]; protein lipidation involved in autophagosome assembly [GO:0061739]; protein stabilization [GO:0050821]; protein targeting to vacuole involved in autophagy [GO:0071211]; protein-containing complex assembly [GO:0065003]; regulation of protein complex stability [GO:0061635]; regulation of protein-containing complex assembly [GO:0043254]
Lysosome-associated membrane glycoprotein 2 (LAMP-2) (Lysosome-associated membrane protein 2) (CD107 antigen-like family member B) (LGP-96) (CD antigen CD107b)	LAMP2	autophagosome maturation [GO:0097352]; cellular response to starvation [GO:0009267]; chaperone-mediated autophagy [GO:0061684]; lysosomal lumen acidification [GO:0007042]; lysosomal protein catabolic process [GO:1905146]; muscle cell cellular homeostasis [GO:0046716]; negative regulation of NLRP3 inflammasome complex assembly [GO:1900226]; negative regulation of protein-containing complex assembly [GO:0031333]; positive regulation of ferroptosis [GO:0160020]; protein catabolic process [GO:0030163]; protein import [GO:0017038]; protein stabilization [GO:0050821]; protein targeting [GO:0006605]; protein targeting to lysosome involved in chaperone-mediated autophagy [GO:0061740]; regulation of protein stability [GO:0031647]
Galectin-8 (Gal-8) (Po66 carbohydrate-binding protein) (Po66-CBP) (Prostate carcinoma tumor antigen 1) (PCTA-1)	LGALS8	cellular response to virus [GO:0098586]; lymphatic endothelial cell migration [GO:1904977]; plasma cell differentiation [GO:0002317]; T cell costimulation [GO:0031295]; xenophagy [GO:0098792]
Leucine-rich repeat serine/threonine-protein kinase 2 (EC 2.7.11.1) (EC 3.6.5.-) (Dardarin)	LRRK2 PARK8	autophagy [GO:0006914]; calcium-mediated signaling [GO:0019722]; canonical Wnt signaling pathway [GO:0060070]; cellular response to curcumin [GO:1904644]; cellular response to dopamine [GO:1903351]; cellular response to manganese ion [GO:0071287]; cellular response to oxidative stress [GO:0034599]; cellular response to reactive oxygen species [GO:0034614]; cellular response to starvation [GO:0009267]; determination of adult lifespan [GO:0008340]; endocytosis [GO:0006897]; endoplasmic reticulum organization [GO:0007029]; excitatory postsynaptic potential [GO:0060079]; exploration behavior [GO:0035640]; Golgi organization [GO:0007030]; GTP metabolic process [GO:0046039]; intracellular distribution of mitochondria [GO:0048312]; intracellular protein localization [GO:0008104]; intracellular signal transduction [GO:0035556]; JNK cascade [GO:0007254]; locomotory exploration behavior [GO:0035641]; lysosome organization [GO:0007040]; MAPK cascade [GO:0000165]; mitochondrion localization [GO:0051646]; mitochondrion organization [GO:0007005]; negative regulation of autophagosome assembly [GO:1902902]; negative regulation of endoplasmic reticulum stress-induced intrinsic apoptotic signaling pathway [GO:1902236]; negative regulation of excitatory postsynaptic potential [GO:0090394]; negative regulation of GTPase activity [GO:0034260]; negative regulation of late endosome to lysosome transport [GO:1902823]; negative regulation of macroautophagy [GO:0016242]; negative regulation of motile cilium assembly [GO:1905504]; negative regulation of neuron projection development [GO:0010977]; negative regulation of Notch signaling pathway [GO:0045746]; negative regulation of protein processing [GO:0010955]; negative regulation of protein processing involved in protein targeting to mitochondrion [GO:1903217]; negative regulation of protein targeting to mitochondrion [GO:1903215]; neuromuscular junction development [GO:0007528]; neuron projection arborization [GO:0140058]; neuron projection morphogenesis [GO:0048812]; olfactory bulb development [GO:0021772]; positive regulation of autophagy [GO:0010508]; positive regulation of canonical Wnt signaling pathway [GO:0090263]; positive regulation of dopamine receptor signaling pathway [GO:0060161]; positive regulation of MAPK cascade [GO:0043410]; positive regulation of microglial cell activation [GO:1903980]; positive regulation of mitochondrial outer membrane permeabilization involved in apoptotic signaling pathway [GO:1901030]; positive regulation of programmed cell death [GO:0043068]; positive regulation of proteasomal ubiquitin-dependent protein catabolic process [GO:0032436]; positive regulation of protein autoubiquitination [GO:1902499]; positive regulation of protein ubiquitination [GO:0031398]; positive regulation of synaptic vesicle endocytosis [GO:1900244]; positive regulation of tumor necrosis factor production [GO:0032760]; protein autophosphorylation [GO:0046777]; protein import into nucleus [GO:0006606]; protein localization to endoplasmic reticulum exit site [GO:0070973]; protein localization to mitochondrion [GO:0070585]; protein phosphorylation [GO:0006468]; regulation of autophagy [GO:0010506]; regulation of branching morphogenesis of a nerve [GO:2000172]; regulation of CAMKK-AMPK signaling cascade [GO:1905289]; regulation of cAMP/PKA signal transduction [GO:0141161]; regulation of canonical Wnt signaling pathway [GO:0060828]; regulation of cell projection organization [GO:0031344]; regulation of dendritic spine morphogenesis [GO:0061001]; regulation of dopamine receptor signaling pathway [GO:0060159]; regulation of ER to Golgi vesicle-mediated transport [GO:0060628]; regulation of kidney size [GO:0035564]; regulation of locomotion [GO:0040012]; regulation of lysosomal lumen pH [GO:0035751]; regulation of membrane potential [GO:0042391]; regulation of mitochondrial depolarization [GO:0051900]; regulation of mitochondrial fission [GO:0090140]; regulation of neuroblast proliferation [GO:1902692]; regulation of neuron maturation [GO:0014041]; regulation of protein stability [GO:0031647]; regulation of reactive oxygen species metabolic process [GO:2000377]; regulation of retrograde transport, endosome to Golgi [GO:1905279]; regulation of SNARE complex assembly [GO:0035542]; regulation of synaptic transmission, glutamatergic [GO:0051966]; regulation of synaptic vesicle endocytosis [GO:1900242]; regulation of synaptic vesicle exocytosis [GO:2000300]; regulation of synaptic vesicle transport [GO:1902803]; response to oxidative stress [GO:0006979]; Rho protein signal transduction [GO:0007266]; spermatogenesis [GO:0007283]; striatum development [GO:0021756]; tangential migration from the subventricular zone to the olfactory bulb [GO:0022028]; Wnt signalosome assembly [GO:1904887]
E3 ubiquitin-protein ligase LRSAM1 (EC 2.3.2.27) (Leucine-rich repeat and sterile alpha motif-containing protein 1) (RING-type E3 ubiquitin transferase LRSAM1) (Tsg101-associated ligase) (hTAL)	LRSAM1 TAL UNQ6496/PRO21356	autophagy [GO:0006914]; negative regulation of endocytosis [GO:0045806]; positive regulation of autophagosome assembly [GO:2000786]; positive regulation of xenophagy [GO:1904417]; protein autoubiquitination [GO:0051865]; protein catabolic process [GO:0030163]; protein polyubiquitination [GO:0000209]; ubiquitin-dependent endocytosis [GO:0070086]; viral budding [GO:0046755]
Microtubule-associated protein 1 light chain 3 alpha (Autophagy-related protein LC3 A) (Autophagy-related ubiquitin-like modifier LC3 A) (MAP1 light chain 3-like protein 1) (Microtubule-associated proteins 1A/1B light chain 3A) (MAP1A/MAP1B LC3 A) (MAP1A/MAP1B light chain 3 A)	MAP1LC3A	autophagosome assembly [GO:0000045]; autophagosome maturation [GO:0097352]; autophagy of mitochondrion [GO:0000422]; cellular response to amino acid starvation [GO:0034198]; cellular response to copper ion [GO:0071280]; cellular response to hydrogen peroxide [GO:0070301]; cellular response to nitrogen starvation [GO:0006995]; cellular response to oxygen-glucose deprivation [GO:0090650]; cellular response to starvation [GO:0009267]; JNK cascade [GO:0007254]; macroautophagy [GO:0016236]; mitophagy [GO:0000423]; p38MAPK cascade [GO:0038066]; response to iron(II) ion [GO:0010040]; response to lead ion [GO:0010288]; SMAD protein signal transduction [GO:0060395]
Microtubule-associated protein 1 light chain 3 beta (Autophagy-related protein LC3 B) (Autophagy-related ubiquitin-like modifier LC3 B) (MAP1 light chain 3-like protein 2) (Microtubule-associated proteins 1A/1B light chain 3B) (MAP1A/MAP1B LC3 B) (MAP1A/MAP1B light chain 3 B)	MAP1LC3B MAP1ALC3	autophagosome assembly [GO:0000045]; autophagosome maturation [GO:0097352]; autophagy [GO:0006914]; cellular response to nitrogen starvation [GO:0006995]; cellular response to starvation [GO:0009267]; macroautophagy [GO:0016236]; mitophagy [GO:0000423]
Microtubule-associated protein 1 light chain 3 beta 2 (Microtubule-associated proteins 1A/1B light chain 3 beta 2) (Microtubule-associated proteins 1A/1B light chain 3B-like) (MAP1A/MAP1B LC3 B-like) (MAP1A/MAP1B light chain 3 B-like)	MAP1LC3B2	autophagosome assembly [GO:0000045]; autophagosome maturation [GO:0097352]; cellular response to nitrogen starvation [GO:0006995]; mitophagy [GO:0000423]
Microtubule-associated protein 1 light chain 3 gamma (Autophagy-related protein LC3 C) (Autophagy-related ubiquitin-like modifier LC3 C) (MAP1 light chain 3-like protein 3) (Microtubule-associated proteins 1A/1B light chain 3C) (MAP1A/MAP1B LC3 C) (MAP1A/MAP1B light chain 3 C)	MAP1LC3C	aggrephagy [GO:0035973]; autophagosome assembly [GO:0000045]; autophagosome maturation [GO:0097352]; cellular response to nitrogen starvation [GO:0006995]; cellular response to starvation [GO:0009267]; macroautophagy [GO:0016236]; mitophagy [GO:0000423]; protein exit from endoplasmic reticulum [GO:0032527]
Mitofusin-2 (EC 3.6.5.-) (Transmembrane GTPase MFN2)	MFN2 CPRP1 KIAA0214	aerobic respiration [GO:0009060]; apoptotic process [GO:0006915]; blastocyst formation [GO:0001825]; camera-type eye morphogenesis [GO:0048593]; mitochondrial fusion [GO:0008053]; mitochondrial membrane organization [GO:0007006]; mitochondrion localization [GO:0051646]; negative regulation of Ras protein signal transduction [GO:0046580]; negative regulation of smooth muscle cell proliferation [GO:0048662]; positive regulation of cold-induced thermogenesis [GO:0120162]; positive regulation of vascular associated smooth muscle cell apoptotic process [GO:1905461]; positive regulation of vascular associated smooth muscle cell proliferation [GO:1904707]; protein localization to phagophore assembly site [GO:0034497]; protein targeting to mitochondrion [GO:0006626]; response to unfolded protein [GO:0006986]; type 2 mitophagy [GO:0061734]
Modulator of apoptosis 1 (MAP-1) (MAP1) (Paraneoplastic antigen Ma4)	MOAP1 PNMA4	apoptotic signaling pathway [GO:0097190]; autophagy [GO:0006914]; extrinsic apoptotic signaling pathway in absence of ligand [GO:0097192]; extrinsic apoptotic signaling pathway via death domain receptors [GO:0008625]; intrinsic apoptotic signaling pathway in response to DNA damage [GO:0008630]; positive regulation of apoptotic process [GO:0043065]; positive regulation of autophagosome assembly [GO:2000786]; positive regulation of release of cytochrome c from mitochondria [GO:0090200]; protein insertion into mitochondrial membrane [GO:0051204]; regulation of apoptotic process [GO:0042981]
E3 ubiquitin-protein ligase NHLRC1 (EC 2.3.2.27) (Malin) (NHL repeat-containing protein 1) (RING-type E3 ubiquitin transferase NHLRC1)	NHLRC1 EPM2B	autophagy [GO:0006914]; glycogen biosynthetic process [GO:0005978]; positive regulation of protein ubiquitination [GO:0031398]; proteasome-mediated ubiquitin-dependent protein catabolic process [GO:0043161]; protein polyubiquitination [GO:0000209]; regulation of gene expression [GO:0010468]; regulation of protein localization to plasma membrane [GO:1903076]; response to endoplasmic reticulum stress [GO:0034976]; ubiquitin-dependent protein catabolic process [GO:0006511]
Nuclear receptor-binding factor 2 (NRBF-2) (Comodulator of PPAR and RXR)	NRBF2 COPR	autophagy [GO:0006914]; response to endoplasmic reticulum stress [GO:0034976]
Optineurin (E3-14.7K-interacting protein) (FIP-2) (Huntingtin yeast partner L) (Huntingtin-interacting protein 7) (HIP-7) (Huntingtin-interacting protein L) (NEMO-related protein) (Optic neuropathy-inducing protein) (Transcription factor IIIA-interacting protein) (TFIIIA-IntP)	OPTN FIP2 GLC1E HIP7 HYPL NRP	cell death [GO:0008219]; cellular response to unfolded protein [GO:0034620]; defense response to Gram-negative bacterium [GO:0050829]; Golgi organization [GO:0007030]; Golgi ribbon formation [GO:0090161]; Golgi to plasma membrane protein transport [GO:0043001]; innate immune response [GO:0045087]; negative regulation of canonical NF-kappaB signal transduction [GO:0043124]; negative regulation of receptor recycling [GO:0001920]; positive regulation of autophagy [GO:0010508]; positive regulation of xenophagy [GO:1904417]; protein localization to Golgi apparatus [GO:0034067]; regulation of canonical NF-kappaB signal transduction [GO:0043122]; signal transduction [GO:0007165]; type 2 mitophagy [GO:0061734]
Parkinson disease protein 7 (Maillard deglycase) (Oncogene DJ1) (Parkinsonism-associated deglycase) (Protein DJ-1) (DJ-1) (Protein/nucleic acid deglycase DJ-1) (EC 3.1.2.-, EC 3.5.1.-, EC 3.5.1.124)	PARK7	adult locomotory behavior [GO:0008344]; androgen receptor signaling pathway [GO:0030521]; autophagy [GO:0006914]; cellular detoxification of aldehyde [GO:0110095]; cellular detoxification of methylglyoxal [GO:0140041]; cellular response to glyoxal [GO:0036471]; cellular response to hydrogen peroxide [GO:0070301]; cellular response to oxidative stress [GO:0034599]; detection of oxidative stress [GO:0070994]; detoxification of copper ion [GO:0010273]; detoxification of hydrogen peroxide [GO:0061691]; detoxification of mercury ion [GO:0050787]; DNA repair [GO:0006281]; dopamine uptake involved in synaptic transmission [GO:0051583]; glucose homeostasis [GO:0042593]; glycolate biosynthetic process [GO:0046295]; glyoxal metabolic process [GO:1903189]; guanine deglycation [GO:0106044]; guanine deglycation, glyoxal removal [GO:0106046]; guanine deglycation, methylglyoxal removal [GO:0106045]; hydrogen peroxide metabolic process [GO:0042743]; inflammatory response [GO:0006954]; insulin secretion [GO:0030073]; lactate biosynthetic process [GO:0019249]; membrane depolarization [GO:0051899]; membrane hyperpolarization [GO:0060081]; methylglyoxal catabolic process to lactate [GO:0061727]; methylglyoxal metabolic process [GO:0009438]; mitochondrion organization [GO:0007005]; negative regulation of death-inducing signaling complex assembly [GO:1903073]; negative regulation of endoplasmic reticulum stress-induced intrinsic apoptotic signaling pathway [GO:1902236]; negative regulation of extrinsic apoptotic signaling pathway [GO:2001237]; negative regulation of gene expression [GO:0010629]; negative regulation of hydrogen peroxide-induced neuron intrinsic apoptotic signaling pathway [GO:1903384]; negative regulation of intrinsic apoptotic signaling pathway in response to hydrogen peroxide [GO:1903751]; negative regulation of neuron apoptotic process [GO:0043524]; negative regulation of nitrosative stress-induced intrinsic apoptotic signaling pathway [GO:1905259]; negative regulation of oxidative stress-induced intrinsic apoptotic signaling pathway [GO:1902176]; negative regulation of oxidative stress-induced neuron intrinsic apoptotic signaling pathway [GO:1903377]; negative regulation of proteasomal ubiquitin-dependent protein catabolic process [GO:0032435]; negative regulation of protein export from nucleus [GO:0046826]; negative regulation of protein K48-linked deubiquitination [GO:1903094]; negative regulation of protein sumoylation [GO:0033234]; negative regulation of protein ubiquitination [GO:0031397]; negative regulation of reactive oxygen species biosynthetic process [GO:1903427]; negative regulation of TRAIL-activated apoptotic signaling pathway [GO:1903122]; positive regulation of acute inflammatory response to antigenic stimulus [GO:0002866]; positive regulation of autophagy of mitochondrion [GO:1903599]; positive regulation of dopamine biosynthetic process [GO:1903181]; positive regulation of gene expression [GO:0010628]; positive regulation of interleukin-8 production [GO:0032757]; positive regulation of L-dopa biosynthetic process [GO:1903197]; positive regulation of mitochondrial electron transport, NADH to ubiquinone [GO:1902958]; positive regulation of oxidative stress-induced intrinsic apoptotic signaling pathway [GO:1902177]; positive regulation of phosphatidylinositol 3-kinase/protein kinase B signal transduction [GO:0051897]; positive regulation of protein localization to nucleus [GO:1900182]; positive regulation of protein-containing complex assembly [GO:0031334]; positive regulation of reactive oxygen species biosynthetic process [GO:1903428]; positive regulation of reactive oxygen species metabolic process [GO:2000379]; positive regulation of transcription by RNA polymerase II [GO:0045944]; protein repair [GO:0030091]; protein stabilization [GO:0050821]; proteolysis [GO:0006508]; Ras protein signal transduction [GO:0007265]; regulation of androgen receptor signaling pathway [GO:0060765]; regulation of inflammatory response [GO:0050727]; regulation of mitochondrial membrane potential [GO:0051881]; regulation of neuron apoptotic process [GO:0043523]; regulation of oxidative stress-induced neuron intrinsic apoptotic signaling pathway [GO:1903376]; regulation of supramolecular fiber organization [GO:1902903]; regulation of synaptic vesicle endocytosis [GO:1900242]; removal of superoxide radicals [GO:0019430]; response to oxidative stress [GO:0006979]; single fertilization [GO:0007338]
PHD finger protein 23 (PDH-containing protein JUNE-1)	PHF23	autophagy [GO:0006914]; negative regulation of autophagosome assembly [GO:1902902]; negative regulation of autophagosome maturation [GO:1901097]; positive regulation of protein ubiquitination [GO:0031398]
Phosphatidylinositol 3-kinase catalytic subunit type 3 (PI3-kinase type 3) (PI3K type 3) (PtdIns-3-kinase type 3) (EC 2.7.1.137) (Phosphatidylinositol 3-kinase p100 subunit) (Phosphoinositide-3-kinase class 3) (hVps34)	PIK3C3 VPS34	autophagosome assembly [GO:0000045]; autophagosome maturation [GO:0097352]; autophagy [GO:0006914]; cell division [GO:0051301]; cellular response to glucose starvation [GO:0042149]; early endosome to late endosome transport [GO:0045022]; endocytosis [GO:0006897]; endosome organization [GO:0007032]; host-mediated activation of viral genome replication [GO:0044829]; macroautophagy [GO:0016236]; pexophagy [GO:0000425]; phosphatidylinositol 3-kinase/protein kinase B signal transduction [GO:0043491]; phosphatidylinositol phosphate biosynthetic process [GO:0046854]; phosphatidylinositol-3-phosphate biosynthetic process [GO:0036092]; phosphatidylinositol-mediated signaling [GO:0048015]; positive regulation of natural killer cell mediated cytotoxicity [GO:0045954]; positive regulation of protein lipidation [GO:1903061]; protein localization to phagophore assembly site [GO:0034497]; protein processing [GO:0016485]; protein targeting to lysosome [GO:0006622]; regulation of autophagy [GO:0010506]; regulation of cytokinesis [GO:0032465]; regulation of macroautophagy [GO:0016241]; response to L-leucine [GO:0043201]; synaptic vesicle endocytosis [GO:0048488]
Phosphatidylinositol 4,5-bisphosphate 3-kinase catalytic subunit beta isoform (PI3-kinase subunit beta) (PI3K-beta) (PI3Kbeta) (PtdIns-3-kinase subunit beta) (EC 2.7.1.153) (Phosphatidylinositol 4,5-bisphosphate 3-kinase 110 kDa catalytic subunit beta) (PtdIns-3-kinase subunit p110-beta) (p110beta) (Serine/threonine protein kinase PIK3CB) (EC 2.7.11.1)	PIK3CB PIK3C1	angiogenesis involved in wound healing [GO:0060055]; autophagy [GO:0006914]; cell migration [GO:0016477]; cell surface receptor protein tyrosine kinase signaling pathway [GO:0007169]; chemotaxis [GO:0006935]; embryonic cleavage [GO:0040016]; endocytosis [GO:0006897]; endothelial cell proliferation [GO:0001935]; G protein-coupled receptor signaling pathway [GO:0007186]; homophilic cell adhesion via plasma membrane adhesion molecules [GO:0007156]; intracellular calcium ion homeostasis [GO:0006874]; natural killer cell mediated cytotoxicity [GO:0042267]; negative regulation of hypoxia-induced intrinsic apoptotic signaling pathway [GO:1903298]; negative regulation of MAPK cascade [GO:0043409]; negative regulation of phosphatidylinositol 3-kinase/protein kinase B signal transduction [GO:0051898]; negative regulation of sprouting angiogenesis [GO:1903671]; negative regulation of vascular endothelial growth factor signaling pathway [GO:1900747]; phosphatidylinositol 3-kinase/protein kinase B signal transduction [GO:0043491]; phosphatidylinositol phosphate biosynthetic process [GO:0046854]; phosphatidylinositol-3-phosphate biosynthetic process [GO:0036092]; phosphatidylinositol-mediated signaling [GO:0048015]; platelet activation [GO:0030168]; platelet aggregation [GO:0070527]; positive regulation of autophagy [GO:0010508]; positive regulation of endothelial cell migration [GO:0010595]; positive regulation of gene expression [GO:0010628]; positive regulation of neutrophil apoptotic process [GO:0033031]; positive regulation of nitric oxide biosynthetic process [GO:0045429]; positive regulation of Rac protein signal transduction [GO:0035022]; regulation of cell-matrix adhesion [GO:0001952]; regulation of clathrin-dependent endocytosis [GO:2000369]; response to ischemia [GO:0002931]; signal transduction [GO:0007165]; sphingosine-1-phosphate receptor signaling pathway [GO:0003376]
Serine/threonine-protein kinase PINK1, mitochondrial (EC 2.7.11.1) (BRPK) (PTEN-induced putative kinase protein 1)	PINK1	autophagy of mitochondrion [GO:0000422]; cellular response to hydrogen sulfide [GO:1904881]; cellular response to hypoxia [GO:0071456]; cellular response to oxidative stress [GO:0034599]; cellular response to toxic substance [GO:0097237]; dopamine secretion [GO:0014046]; establishment of protein localization to mitochondrion [GO:0072655]; hemopoiesis [GO:0030097]; intracellular signal transduction [GO:0035556]; macroautophagy [GO:0016236]; maintenance of protein location in mitochondrion [GO:0072656]; mitochondrion organization [GO:0007005]; mitochondrion to lysosome vesicle-mediated transport [GO:0099074]; mitophagy [GO:0000423]; negative regulation of autophagosome assembly [GO:1902902]; negative regulation of gene expression [GO:0010629]; negative regulation of hydrogen peroxide-induced neuron intrinsic apoptotic signaling pathway [GO:1903384]; negative regulation of hypoxia-induced intrinsic apoptotic signaling pathway [GO:1903298]; negative regulation of intrinsic apoptotic signaling pathway [GO:2001243]; negative regulation of intrinsic apoptotic signaling pathway in response to hydrogen peroxide [GO:1903751]; negative regulation of JNK cascade [GO:0046329]; negative regulation of macroautophagy [GO:0016242]; negative regulation of mitochondrial fission [GO:0090258]; negative regulation of mitophagy [GO:1901525]; negative regulation of neuron apoptotic process [GO:0043524]; negative regulation of oxidative stress-induced neuron intrinsic apoptotic signaling pathway [GO:1903377]; negative regulation of reactive oxygen species metabolic process [GO:2000378]; positive regulation of ATP biosynthetic process [GO:2001171]; positive regulation of canonical NF-kappaB signal transduction [GO:0043123]; positive regulation of cell migration [GO:0030335]; positive regulation of cristae formation [GO:1903852]; positive regulation of dopamine secretion [GO:0033603]; positive regulation of free ubiquitin chain polymerization [GO:1904544]; positive regulation of macroautophagy [GO:0016239]; positive regulation of mitochondrial electron transport, NADH to ubiquinone [GO:1902958]; positive regulation of mitochondrial fission [GO:0090141]; positive regulation of phosphatidylinositol 3-kinase/protein kinase B signal transduction [GO:0051897]; positive regulation of protein targeting to mitochondrion [GO:1903955]; positive regulation of protein ubiquitination [GO:0031398]; positive regulation of release of cytochrome c from mitochondria [GO:0090200]; positive regulation of synaptic transmission, dopaminergic [GO:0032226]; positive regulation of transcription by RNA polymerase II [GO:0045944]; positive regulation of translation [GO:0045727]; positive regulation of type 2 mitophagy [GO:1905091]; protein phosphorylation [GO:0006468]; protein stabilization [GO:0050821]; protein ubiquitination [GO:0016567]; regulation of apoptotic process [GO:0042981]; regulation of autophagy of mitochondrion [GO:1903146]; regulation of cellular response to oxidative stress [GO:1900407]; regulation of hydrogen peroxide metabolic process [GO:0010310]; regulation of mitochondrial membrane potential [GO:0051881]; regulation of mitochondrion organization [GO:0010821]; regulation of oxidative phosphorylation [GO:0002082]; regulation of proteasomal protein catabolic process [GO:0061136]; regulation of protein targeting to mitochondrion [GO:1903214]; regulation of protein ubiquitination [GO:0031396]; regulation of protein-containing complex assembly [GO:0043254]; regulation of reactive oxygen species metabolic process [GO:2000377]; regulation of synaptic vesicle transport [GO:1902803]; respiratory electron transport chain [GO:0022904]; response to ischemia [GO:0002931]; response to oxidative stress [GO:0006979]; TORC2 signaling [GO:0038203]; ubiquitin-dependent protein catabolic process [GO:0006511]
Pleckstrin homology domain-containing family M member 1 (PH domain-containing family M member 1) (162 kDa adapter protein) (AP162)	PLEKHM1 KIAA0356	autophagosome-lysosome fusion [GO:0061909]; late endosome to lysosome transport [GO:1902774]; lysosome localization [GO:0032418]; positive regulation of bone resorption [GO:0045780]; positive regulation of ruffle assembly [GO:1900029]; protein transport [GO:0015031]
5'-AMP-activated protein kinase catalytic subunit alpha-1 (AMPK subunit alpha-1) (EC 2.7.11.1) (Acetyl-CoA carboxylase kinase) (ACACA kinase) (Hydroxymethylglutaryl-CoA reductase kinase) (HMGCR kinase) (EC 2.7.11.31) (Tau-protein kinase PRKAA1) (EC 2.7.11.26)	PRKAA1 AMPK1	autophagy [GO:0006914]; CAMKK-AMPK signaling cascade [GO:0061762]; cellular response to calcium ion [GO:0071277]; cellular response to ethanol [GO:0071361]; cellular response to glucose starvation [GO:0042149]; cellular response to glucose stimulus [GO:0071333]; cellular response to hydrogen peroxide [GO:0070301]; cellular response to hypoxia [GO:0071456]; cellular response to nutrient levels [GO:0031669]; cellular response to oxidative stress [GO:0034599]; cellular response to prostaglandin E stimulus [GO:0071380]; cellular response to starvation [GO:0009267]; cellular response to stress [GO:0033554]; cellular response to xenobiotic stimulus [GO:0071466]; cholesterol biosynthetic process [GO:0006695]; cold acclimation [GO:0009631]; energy homeostasis [GO:0097009]; fatty acid biosynthetic process [GO:0006633]; fatty acid homeostasis [GO:0055089]; fatty acid oxidation [GO:0019395]; glucose homeostasis [GO:0042593]; glucose metabolic process [GO:0006006]; lipid biosynthetic process [GO:0008610]; lipid droplet disassembly [GO:1905691]; motor behavior [GO:0061744]; negative regulation of apoptotic process [GO:0043066]; negative regulation of ferroptosis [GO:0110076]; negative regulation of gene expression [GO:0010629]; negative regulation of glucosylceramide biosynthetic process [GO:0046318]; negative regulation of hepatocyte apoptotic process [GO:1903944]; negative regulation of insulin receptor signaling pathway [GO:0046627]; negative regulation of lipid catabolic process [GO:0050995]; negative regulation of TOR signaling [GO:0032007]; negative regulation of TORC1 signaling [GO:1904262]; negative regulation of tubulin deacetylation [GO:1904428]; neuron cellular homeostasis [GO:0070050]; positive regulation of adipose tissue development [GO:1904179]; positive regulation of autophagy [GO:0010508]; positive regulation of cell population proliferation [GO:0008284]; positive regulation of cholesterol biosynthetic process [GO:0045542]; positive regulation of DNA-templated transcription [GO:0045893]; positive regulation of gene expression [GO:0010628]; positive regulation of glycolytic process [GO:0045821]; positive regulation of mitochondrial transcription [GO:1903109]; positive regulation of protein localization [GO:1903829]; positive regulation of protein targeting to mitochondrion [GO:1903955]; positive regulation of skeletal muscle tissue development [GO:0048643]; positive regulation of T cell activation [GO:0050870]; positive regulation of T cell mediated immune response to tumor cell [GO:0002842]; protein localization to lipid droplet [GO:1990044]; protein localization to membrane [GO:0072657]; protein localization to plasma membrane [GO:0072659]; regulation of circadian rhythm [GO:0042752]; regulation of microtubule cytoskeleton organization [GO:0070507]; regulation of stress granule assembly [GO:0062028]; regulation of vascular permeability [GO:0043114]; regulation of vesicle-mediated transport [GO:0060627]; response to activity [GO:0014823]; response to caffeine [GO:0031000]; response to estrogen [GO:0043627]; response to gamma radiation [GO:0010332]; response to hypoxia [GO:0001666]; response to UV [GO:0009411]; rhythmic process [GO:0048511]; signal transduction [GO:0007165]; Wnt signaling pathway [GO:0016055]
5'-AMP-activated protein kinase catalytic subunit alpha-2 (AMPK subunit alpha-2) (EC 2.7.11.1) (Acetyl-CoA carboxylase kinase) (ACACA kinase) (Hydroxymethylglutaryl-CoA reductase kinase) (HMGCR kinase) (EC 2.7.11.31)	PRKAA2 AMPK AMPK2	autophagy [GO:0006914]; cellular response to calcium ion [GO:0071277]; cellular response to glucose starvation [GO:0042149]; cellular response to glucose stimulus [GO:0071333]; cellular response to nutrient levels [GO:0031669]; cellular response to oxidative stress [GO:0034599]; cellular response to prostaglandin E stimulus [GO:0071380]; cellular response to xenobiotic stimulus [GO:0071466]; cholesterol biosynthetic process [GO:0006695]; energy homeostasis [GO:0097009]; fatty acid biosynthetic process [GO:0006633]; fatty acid homeostasis [GO:0055089]; glucose homeostasis [GO:0042593]; lipid biosynthetic process [GO:0008610]; lipid droplet disassembly [GO:1905691]; negative regulation of apoptotic process [GO:0043066]; negative regulation of gene expression [GO:0010629]; negative regulation of hepatocyte apoptotic process [GO:1903944]; negative regulation of TOR signaling [GO:0032007]; negative regulation of TORC1 signaling [GO:1904262]; negative regulation of tubulin deacetylation [GO:1904428]; positive regulation of autophagy [GO:0010508]; positive regulation of glycolytic process [GO:0045821]; positive regulation of macroautophagy [GO:0016239]; positive regulation of protein localization [GO:1903829]; protein localization to lipid droplet [GO:1990044]; regulation of circadian rhythm [GO:0042752]; regulation of macroautophagy [GO:0016241]; regulation of microtubule cytoskeleton organization [GO:0070507]; regulation of stress granule assembly [GO:0062028]; response to muscle activity [GO:0014850]; rhythmic process [GO:0048511]; signal transduction [GO:0007165]; Wnt signaling pathway [GO:0016055]
E3 ubiquitin-protein ligase parkin (Parkin) (EC 2.3.2.31) (Parkin RBR E3 ubiquitin-protein ligase) (Parkinson juvenile disease protein 2) (Parkinson disease protein 2)	PRKN PARK2	adult locomotory behavior [GO:0008344]; aggresome assembly [GO:0070842]; amyloid fibril formation [GO:1990000]; autophagy of mitochondrion [GO:0000422]; cellular response to dopamine [GO:1903351]; cellular response to hydrogen sulfide [GO:1904881]; cellular response to L-glutamate [GO:1905232]; cellular response to L-glutamine [GO:1904845]; cellular response to manganese ion [GO:0071287]; cellular response to oxidative stress [GO:0034599]; cellular response to toxic substance [GO:0097237]; cellular response to unfolded protein [GO:0034620]; central nervous system development [GO:0007417]; dopamine metabolic process [GO:0042417]; dopamine uptake involved in synaptic transmission [GO:0051583]; ERAD pathway [GO:0036503]; free ubiquitin chain polymerization [GO:0010994]; host-mediated suppression of viral genome replication [GO:0044828]; learning [GO:0007612]; macroautophagy [GO:0016236]; mitochondrial fission [GO:0000266]; mitochondrial fragmentation involved in apoptotic process [GO:0043653]; mitochondrion localization [GO:0051646]; mitochondrion organization [GO:0007005]; mitochondrion to lysosome vesicle-mediated transport [GO:0099074]; mitophagy [GO:0000423]; modulation of chemical synaptic transmission [GO:0050804]; negative regulation of actin filament bundle assembly [GO:0032232]; negative regulation of canonical Wnt signaling pathway [GO:0090090]; negative regulation of endoplasmic reticulum stress-induced intrinsic apoptotic signaling pathway [GO:1902236]; negative regulation of endoplasmic reticulum stress-induced neuron intrinsic apoptotic signaling pathway [GO:1903382]; negative regulation of excitatory postsynaptic potential [GO:0090394]; negative regulation of exosomal secretion [GO:1903542]; negative regulation of gene expression [GO:0010629]; negative regulation of glucokinase activity [GO:0033132]; negative regulation of insulin secretion [GO:0046676]; negative regulation of intralumenal vesicle formation [GO:1905366]; negative regulation of intrinsic apoptotic signaling pathway by p53 class mediator [GO:1902254]; negative regulation of JNK cascade [GO:0046329]; negative regulation of mitochondrial fission [GO:0090258]; negative regulation of mitochondrial fusion [GO:0010637]; negative regulation of neuron apoptotic process [GO:0043524]; negative regulation of oxidative stress-induced neuron intrinsic apoptotic signaling pathway [GO:1903377]; negative regulation of reactive oxygen species biosynthetic process [GO:1903427]; negative regulation of reactive oxygen species metabolic process [GO:2000378]; negative regulation of release of cytochrome c from mitochondria [GO:0090201]; negative regulation of spontaneous neurotransmitter secretion [GO:1904049]; negative regulation of synaptic transmission, glutamatergic [GO:0051967]; negative regulation of transcription by RNA polymerase II [GO:0000122]; neuron cellular homeostasis [GO:0070050]; norepinephrine metabolic process [GO:0042415]; positive regulation of apoptotic process [GO:0043065]; positive regulation of ATP biosynthetic process [GO:2001171]; positive regulation of canonical NF-kappaB signal transduction [GO:0043123]; positive regulation of dendrite extension [GO:1903861]; positive regulation of gene expression [GO:0010628]; positive regulation of insulin secretion involved in cellular response to glucose stimulus [GO:0035774]; positive regulation of mitochondrial fission [GO:0090141]; positive regulation of mitochondrial fusion [GO:0010636]; positive regulation of mitochondrial membrane potential [GO:0010918]; positive regulation of mitophagy [GO:1901526]; positive regulation of neurotransmitter uptake [GO:0051582]; positive regulation of proteasomal protein catabolic process [GO:1901800]; positive regulation of proteasomal ubiquitin-dependent protein catabolic process [GO:0032436]; positive regulation of protein catabolic process [GO:0045732]; positive regulation of protein linear polyubiquitination [GO:1902530]; positive regulation of protein localization to membrane [GO:1905477]; positive regulation of retrograde transport, endosome to Golgi [GO:1905281]; positive regulation of transcription by RNA polymerase II [GO:0045944]; positive regulation of tumor necrosis factor-mediated signaling pathway [GO:1903265]; positive regulation of type 2 mitophagy [GO:1905091]; proteasomal protein catabolic process [GO:0010498]; proteasome-mediated ubiquitin-dependent protein catabolic process [GO:0043161]; protein autoubiquitination [GO:0051865]; protein destabilization [GO:0031648]; protein deubiquitination [GO:0016579]; protein K11-linked ubiquitination [GO:0070979]; protein K27-linked ubiquitination [GO:0044314]; protein K29-linked ubiquitination [GO:0035519]; protein K48-linked ubiquitination [GO:0070936]; protein K6-linked ubiquitination [GO:0085020]; protein K63-linked ubiquitination [GO:0070534]; protein localization to mitochondrion [GO:0070585]; protein monoubiquitination [GO:0006513]; protein polyubiquitination [GO:0000209]; protein stabilization [GO:0050821]; protein ubiquitination [GO:0016567]; regulation of apoptotic process [GO:0042981]; regulation of autophagy [GO:0010506]; regulation of canonical Wnt signaling pathway [GO:0060828]; regulation of cellular response to oxidative stress [GO:1900407]; regulation of dopamine metabolic process [GO:0042053]; regulation of dopamine secretion [GO:0014059]; regulation of glucose metabolic process [GO:0010906]; regulation of lipid transport [GO:0032368]; regulation of mitochondrion organization [GO:0010821]; regulation of necroptotic process [GO:0060544]; regulation of postsynaptic membrane neurotransmitter receptor levels [GO:0099072]; regulation of protein stability [GO:0031647]; regulation of protein targeting to mitochondrion [GO:1903214]; regulation of protein ubiquitination [GO:0031396]; regulation of reactive oxygen species metabolic process [GO:2000377]; regulation of synaptic vesicle endocytosis [GO:1900242]; regulation of synaptic vesicle transport [GO:1902803]; regulation protein catabolic process at presynapse [GO:0140251]; response to corticosterone [GO:0051412]; response to curcumin [GO:1904643]; response to endoplasmic reticulum stress [GO:0034976]; response to muscle activity [GO:0014850]; response to oxidative stress [GO:0006979]; response to xenobiotic stimulus [GO:0009410]; startle response [GO:0001964]; synaptic transmission, glutamatergic [GO:0035249]; type 2 mitophagy [GO:0061734]; ubiquitin-dependent protein catabolic process [GO:0006511]
Tyrosine-protein phosphatase non-receptor type 22 (EC 3.1.3.48) (Hematopoietic cell protein-tyrosine phosphatase 70Z-PEP) (Lymphoid phosphatase) (LyP) (PEST-domain phosphatase) (PEP)	PTPN22 PTPN8	autophagy [GO:0006914]; cellular response to muramyl dipeptide [GO:0071225]; lipid metabolic process [GO:0006629]; lipopolysaccharide-mediated signaling pathway [GO:0031663]; negative regulation of autophagy [GO:0010507]; negative regulation of gene expression [GO:0010629]; negative regulation of interleukin-6 production [GO:0032715]; negative regulation of interleukin-8 production [GO:0032717]; negative regulation of JUN kinase activity [GO:0043508]; negative regulation of nucleotide-binding oligomerization domain containing 2 signaling pathway [GO:0070433]; negative regulation of p38MAPK cascade [GO:1903753]; negative regulation of T cell activation [GO:0050868]; negative regulation of T cell receptor signaling pathway [GO:0050860]; negative regulation of tumor necrosis factor production [GO:0032720]; phosphoanandamide dephosphorylation [GO:0035644]; positive regulation of ERK1 and ERK2 cascade [GO:0070374]; positive regulation of gene expression [GO:0010628]; positive regulation of NLRP3 inflammasome complex assembly [GO:1900227]; positive regulation of protein K63-linked ubiquitination [GO:1902523]; positive regulation of toll-like receptor 3 signaling pathway [GO:0034141]; positive regulation of toll-like receptor 4 signaling pathway [GO:0034145]; positive regulation of type I interferon production [GO:0032481]; positive regulation of type II interferon production [GO:0032729]; regulation of B cell receptor signaling pathway [GO:0050855]; regulation of innate immune response [GO:0045088]; regulation of natural killer cell proliferation [GO:0032817]; regulation of non-canonical NF-kappaB signal transduction [GO:1901222]; response to lipopolysaccharide [GO:0032496]; T cell differentiation [GO:0030217]; T cell receptor signaling pathway [GO:0050852]
Ras-related protein Rab-1A (EC 3.6.5.2) (YPT1-related protein)	RAB1A RAB1	autophagosome assembly [GO:0000045]; autophagy [GO:0006914]; cell migration [GO:0016477]; COPII-coated vesicle cargo loading [GO:0090110]; defense response to bacterium [GO:0042742]; endocytosis [GO:0006897]; endoplasmic reticulum to Golgi vesicle-mediated transport [GO:0006888]; Golgi organization [GO:0007030]; growth hormone secretion [GO:0030252]; intracellular protein transport [GO:0006886]; melanosome transport [GO:0032402]; positive regulation of glycoprotein metabolic process [GO:1903020]; positive regulation of interleukin-8 production [GO:0032757]; substrate adhesion-dependent cell spreading [GO:0034446]; vesicle transport along microtubule [GO:0047496]; vesicle-mediated transport [GO:0016192]; virion assembly [GO:0019068]
Ras-related protein Rab-33B (EC 3.6.5.2)	RAB33B	autophagosome assembly [GO:0000045]; intra-Golgi vesicle-mediated transport [GO:0006891]; negative regulation of constitutive secretory pathway [GO:1903434]; protein localization to Golgi apparatus [GO:0034067]; protein localization to phagophore assembly site [GO:0034497]; protein transport [GO:0015031]; Rab protein signal transduction [GO:0032482]; regulation of exocytosis [GO:0017157]; regulation of Golgi organization [GO:1903358]; regulation of retrograde vesicle-mediated transport, Golgi to ER [GO:2000156]; skeletal system morphogenesis [GO:0048705]
Ras-related protein Rab-39A (Rab-39) (EC 3.6.5.2)	RAB39A RAB39	autophagosome-lysosome fusion [GO:0061909]; phagosome acidification [GO:0090383]; phagosome-lysosome fusion [GO:0090385]; protein transport [GO:0015031]; Rab protein signal transduction [GO:0032482]; vesicle-mediated transport [GO:0016192]
Ras-related protein Rab-39B (EC 3.6.5.2)	RAB39B	autophagy [GO:0006914]; protein transport [GO:0015031]; Rab protein signal transduction [GO:0032482]; regulation of autophagy [GO:0010506]; synapse organization [GO:0050808]; vesicle-mediated transport [GO:0016192]
Ras-related protein Rab-7a (EC 3.6.5.2)	RAB7A RAB7	autophagosome assembly [GO:0000045]; bone resorption [GO:0045453]; early endosome to late endosome transport [GO:0045022]; endocytosis [GO:0006897]; endosome to lysosome transport [GO:0008333]; endosome to plasma membrane protein transport [GO:0099638]; epidermal growth factor catabolic process [GO:0007174]; establishment of vesicle localization [GO:0051650]; lipid catabolic process [GO:0016042]; lipophagy [GO:0061724]; negative regulation of exosomal secretion [GO:1903542]; negative regulation of intralumenal vesicle formation [GO:1905366]; neurotransmitter receptor transport, postsynaptic endosome to lysosome [GO:0098943]; phagosome acidification [GO:0090383]; phagosome maturation [GO:0090382]; phagosome-lysosome fusion [GO:0090385]; positive regulation of exosomal secretion [GO:1903543]; positive regulation of protein catabolic process [GO:0045732]; positive regulation of viral process [GO:0048524]; protein localization to lysosome [GO:0061462]; protein targeting to lysosome [GO:0006622]; protein to membrane docking [GO:0022615]; protein transport [GO:0015031]; response to bacterium [GO:0009617]; retrograde transport, endosome to Golgi [GO:0042147]; synaptic vesicle recycling via endosome [GO:0036466]; viral release from host cell [GO:0019076]
Ras-related protein Rab-8A (EC 3.6.5.2) (Oncogene c-mel)	RAB8A MEL RAB8	autophagy [GO:0006914]; axonogenesis [GO:0007409]; cellular response to insulin stimulus [GO:0032869]; cilium assembly [GO:0060271]; endocytic recycling [GO:0032456]; exocytosis [GO:0006887]; Golgi organization [GO:0007030]; Golgi vesicle fusion to target membrane [GO:0048210]; neurotransmitter receptor transport to postsynaptic membrane [GO:0098969]; neurotransmitter receptor transport, endosome to postsynaptic membrane [GO:0098887]; protein localization to cilium [GO:0061512]; protein localization to plasma membrane [GO:0072659]; regulation of autophagy [GO:0010506]; regulation of long-term neuronal synaptic plasticity [GO:0048169]; regulation of protein transport [GO:0051223]; vesicle docking involved in exocytosis [GO:0006904]; vesicle-mediated transport in synapse [GO:0099003]
RB1-inducible coiled-coil protein 1 (FAK family kinase-interacting protein of 200 kDa) (FIP200)	RB1CC1 KIAA0203 RBICC	autophagosome assembly [GO:0000045]; autophagy [GO:0006914]; autophagy of mitochondrion [GO:0000422]; defense response to virus [GO:0051607]; extrinsic apoptotic signaling pathway [GO:0097191]; glycophagy [GO:0061723]; heart development [GO:0007507]; innate immune response [GO:0045087]; liver development [GO:0001889]; negative regulation of cell population proliferation [GO:0008285]; negative regulation of extrinsic apoptotic signaling pathway [GO:2001237]; pexophagy [GO:0000425]; piecemeal microautophagy of the nucleus [GO:0034727]; positive regulation of autophagy [GO:0010508]; positive regulation of cell size [GO:0045793]; positive regulation of JNK cascade [GO:0046330]; reticulophagy [GO:0061709]; ribophagy [GO:0034517]
Reticulophagy regulator 1 (Reticulophagy receptor 1)	RETREG1 FAM134B JK1	collagen catabolic process [GO:0030574]; endoplasmic reticulum organization [GO:0007029]; mitophagy [GO:0000423]; negative regulation of neuron apoptotic process [GO:0043524]; reticulophagy [GO:0061709]; sensory perception of pain [GO:0019233]; white fat cell differentiation [GO:0050872]
Reticulophagy regulator 2	RETREG2 C2orf17 FAM134A MAG2	collagen catabolic process [GO:0030574]; endoplasmic reticulum organization [GO:0007029]; reticulophagy [GO:0061709]
Reticulophagy regulator 3	RETREG3 FAM134C	collagen catabolic process [GO:0030574]; endoplasmic reticulum tubular network organization [GO:0071786]; positive regulation of neuron projection development [GO:0010976]; reticulophagy [GO:0061709]
Regulator of G-protein signaling 19 (RGS19) (G-alpha-interacting protein) (GAIP)	RGS19 GAIP GNAI3IP	autophagy [GO:0006914]; G protein-coupled receptor signaling pathway [GO:0007186]; negative regulation of signal transduction [GO:0009968]; small GTPase-mediated signal transduction [GO:0007264]
RAB7A-interacting MON1-CCZ1 complex subunit 1 (UPF0600 protein C5orf51)	RIMOC1 C5orf51	mitophagy [GO:0000423]
Regulator of MON1-CCZ1 complex (Colon cancer-associated protein Mic1) (Mic-1) (WD repeat-containing protein 98)	RMC1 C18orf8 MIC1 WDR98	autophagy [GO:0006914]; regulation of autophagy [GO:0010506]
E3 ubiquitin-protein ligase RNF166 (EC 2.3.2.27) (RING finger protein 166) (RING-type E3 ubiquitin transferase RNF166)	RNF166	autophagy [GO:0006914]; innate immune response [GO:0045087]; protein polyubiquitination [GO:0000209]; ubiquitin-dependent protein catabolic process [GO:0006511]
E3 ubiquitin-protein ligase RNF185 (EC 2.3.2.27) (RING finger protein 185)	RNF185	autophagy [GO:0006914]; defense response to virus [GO:0051607]; endoplasmic reticulum mannose trimming [GO:1904380]; ERAD pathway [GO:0036503]; innate immune response [GO:0045087]; positive regulation of ERAD pathway [GO:1904294]; positive regulation of innate immune response [GO:0045089]; positive regulation of type I interferon-mediated signaling pathway [GO:0060340]; protein autoubiquitination [GO:0051865]; protein K27-linked ubiquitination [GO:0044314]; transmembrane transport [GO:0055085]; ubiquitin-dependent protein catabolic process [GO:0006511]
E3 ubiquitin-protein ligase NRDP1 (EC 2.3.2.27) (RING finger protein 41) (RING-type E3 ubiquitin transferase NRDP1)	RNF41 FLRF NRDP1 SBBI03	autophagy [GO:0006914]; extrinsic apoptotic signaling pathway [GO:0097191]; negative regulation of cell migration [GO:0030336]; negative regulation of cell population proliferation [GO:0008285]; negative regulation of mitophagy [GO:1901525]; positive regulation of protein catabolic process [GO:0045732]; positive regulation of reactive oxygen species metabolic process [GO:2000379]; proteasomal protein catabolic process [GO:0010498]; protein autoubiquitination [GO:0051865]; protein polyubiquitination [GO:0000209]; regulation of lymphocyte differentiation [GO:0045619]; regulation of MAPK cascade [GO:0043408]; regulation of myeloid cell differentiation [GO:0045637]; regulation of phosphatidylinositol 3-kinase/protein kinase B signal transduction [GO:0051896]; regulation of reactive oxygen species metabolic process [GO:2000377]
Run domain Beclin-1-interacting and cysteine-rich domain-containing protein (Rubicon) (Beclin-1 associated RUN domain containing protein) (Baron)	RUBCN KIAA0226	autophagy [GO:0006914]; immune system process [GO:0002376]; multivesicular body sorting pathway [GO:0071985]; negative regulation of autophagosome maturation [GO:1901097]; negative regulation of autophagy [GO:0010507]; negative regulation of endocytosis [GO:0045806]; negative regulation of phosphatidylinositol 3-kinase/protein kinase B signal transduction [GO:0051898]; phagocytosis [GO:0006909]
Protein associated with UVRAG as autophagy enhancer (Pacer) (Protein Rubicon-like)	RUBCNL C13orf18 KIAA0226L	autophagosome maturation [GO:0097352]; autophagosome-endosome fusion [GO:0061910]; autophagosome-lysosome fusion [GO:0061909]; lipid metabolic process [GO:0006629]; regulation of glycogen metabolic process [GO:0070873]; regulation of lipid metabolic process [GO:0019216]
RUN and FYVE domain-containing protein 4	RUFY4	autophagosome assembly [GO:0000045]; cellular response to interleukin-4 [GO:0071353]; multivesicular body-lysosome fusion [GO:0061763]; positive regulation of bone resorption [GO:0045780]; positive regulation of exocytosis [GO:0045921]; positive regulation of macroautophagy [GO:0016239]; positive regulation of retrograde axon cargo transport [GO:2001019]
Protein S100-A8 (Calgranulin-A) (Calprotectin L1L subunit) (Cystic fibrosis antigen) (CFAG) (Leukocyte L1 complex light chain) (Migration inhibitory factor-related protein 8) (MRP-8) (p8) (S100 calcium-binding protein A8) (Urinary stone protein band A)	S100A8 CAGA CFAG MRP8	apoptotic process [GO:0006915]; astrocyte development [GO:0014002]; autocrine signaling [GO:0035425]; autophagy [GO:0006914]; chronic inflammatory response [GO:0002544]; defense response to bacterium [GO:0042742]; defense response to fungus [GO:0050832]; endothelial cell migration [GO:0043542]; inflammatory response [GO:0006954]; innate immune response [GO:0045087]; leukocyte migration involved in inflammatory response [GO:0002523]; neutrophil aggregation [GO:0070488]; neutrophil chemotaxis [GO:0030593]; peptide secretion [GO:0002790]; peptidyl-cysteine S-nitrosylation [GO:0018119]; positive regulation of cell growth [GO:0030307]; positive regulation of inflammatory response [GO:0050729]; positive regulation of intrinsic apoptotic signaling pathway [GO:2001244]; positive regulation of peptide secretion [GO:0002793]; regulation of cytoskeleton organization [GO:0051493]; regulation of toll-like receptor signaling pathway [GO:0034121]; response to ethanol [GO:0045471]; response to lipopolysaccharide [GO:0032496]; response to zinc ion [GO:0010043]
Protein S100-A9 (Calgranulin-B) (Calprotectin L1H subunit) (Leukocyte L1 complex heavy chain) (Migration inhibitory factor-related protein 14) (MRP-14) (p14) (S100 calcium-binding protein A9)	S100A9 CAGB CFAG MRP14	antimicrobial humoral immune response mediated by antimicrobial peptide [GO:0061844]; apoptotic process [GO:0006915]; astrocyte development [GO:0014002]; autocrine signaling [GO:0035425]; autophagy [GO:0006914]; cell-cell signaling [GO:0007267]; chronic inflammatory response [GO:0002544]; defense response to bacterium [GO:0042742]; defense response to fungus [GO:0050832]; endothelial cell migration [GO:0043542]; inflammatory response [GO:0006954]; innate immune response [GO:0045087]; leukocyte migration involved in inflammatory response [GO:0002523]; neutrophil aggregation [GO:0070488]; neutrophil chemotaxis [GO:0030593]; peptidyl-cysteine S-trans-nitrosylation [GO:0035606]; positive regulation of cell growth [GO:0030307]; positive regulation of inflammatory response [GO:0050729]; positive regulation of intrinsic apoptotic signaling pathway [GO:2001244]; positive regulation of neuron projection development [GO:0010976]; regulation of cytoskeleton organization [GO:0051493]; regulation of respiratory burst involved in inflammatory response [GO:0060264]; regulation of toll-like receptor signaling pathway [GO:0034121]
Myotubularin-related protein 13 (Inactive phosphatidylinositol 3-phosphatase 13) (SET-binding factor 2)	SBF2 CMT4B2 KIAA1766 MTMR13	autophagy [GO:0006914]; myelination [GO:0042552]
Endophilin-B1 (Bax-interacting factor 1) (Bif-1) (SH3 domain-containing GRB2-like protein B1)	SH3GLB1 KIAA0491 CGI-61	de novo' post-translational protein folding [GO:0051084]; apoptotic process [GO:0006915]; autophagic cell death [GO:0048102]; autophagy [GO:0006914]; cellular response to amino acid starvation [GO:0034198]; cellular response to glucose starvation [GO:0042149]; membrane fission [GO:0090148]; membrane organization [GO:0061024]; phosphatidic acid biosynthetic process [GO:0006654]; positive regulation of autophagosome assembly [GO:2000786]; positive regulation of autophagy [GO:0010508]; positive regulation of membrane tubulation [GO:1903527]; positive regulation of protein targeting to mitochondrion [GO:1903955]; positive regulation of protein-containing complex assembly [GO:0031334]; protein localization to vacuolar membrane [GO:1903778]; receptor catabolic process [GO:0032801]; regulation of cytokinesis [GO:0032465]; regulation of macroautophagy [GO:0016241]; regulation of protein stability [GO:0031647]
NAD-dependent protein deacetylase sirtuin-2 (EC 2.3.1.286) (NAD-dependent protein deacylase sirtuin-2) (EC 2.3.1.-) (NAD-dependent protein defatty-acylase sirtuin-2) (EC 2.3.1.-) (Regulatory protein SIR2 homolog 2) (SIR2-like protein 2)	SIRT2 SIR2L SIR2L2	autophagy [GO:0006914]; cell division [GO:0051301]; cellular response to caloric restriction [GO:0061433]; cellular response to epinephrine stimulus [GO:0071872]; cellular response to hypoxia [GO:0071456]; cellular response to oxidative stress [GO:0034599]; epigenetic regulation of gene expression [GO:0040029]; heterochromatin formation [GO:0031507]; innate immune response [GO:0045087]; lipid catabolic process [GO:0016042]; meiotic cell cycle [GO:0051321]; mitotic nuclear membrane reassembly [GO:0007084]; myelination in peripheral nervous system [GO:0022011]; negative regulation of autophagy [GO:0010507]; negative regulation of DNA-templated transcription [GO:0045892]; negative regulation of fat cell differentiation [GO:0045599]; negative regulation of NLRP3 inflammasome complex assembly [GO:1900226]; negative regulation of oligodendrocyte progenitor proliferation [GO:0070446]; negative regulation of peptidyl-threonine phosphorylation [GO:0010801]; negative regulation of protein catabolic process [GO:0042177]; negative regulation of reactive oxygen species metabolic process [GO:2000378]; negative regulation of satellite cell differentiation [GO:1902725]; negative regulation of striated muscle tissue development [GO:0045843]; negative regulation of transcription by RNA polymerase II [GO:0000122]; NLRP3 inflammasome complex assembly [GO:0044546]; peptidyl-lysine deacetylation [GO:0034983]; positive regulation of attachment of spindle microtubules to kinetochore [GO:0051987]; positive regulation of cell division [GO:0051781]; positive regulation of DNA binding [GO:0043388]; positive regulation of execution phase of apoptosis [GO:1900119]; positive regulation of fatty acid biosynthetic process [GO:0045723]; positive regulation of meiotic nuclear division [GO:0045836]; positive regulation of oocyte maturation [GO:1900195]; positive regulation of proteasomal ubiquitin-dependent protein catabolic process [GO:0032436]; positive regulation of transcription by RNA polymerase II [GO:0045944]; proteasome-mediated ubiquitin-dependent protein catabolic process [GO:0043161]; protein deacetylation [GO:0006476]; rDNA heterochromatin formation [GO:0000183]; regulation of cell cycle [GO:0051726]; regulation of exit from mitosis [GO:0007096]; regulation of myelination [GO:0031641]; regulation of phosphorylation [GO:0042325]; response to redox state [GO:0051775]; substantia nigra development [GO:0021762]; subtelomeric heterochromatin formation [GO:0031509]; tubulin deacetylation [GO:0090042]
Guanine nucleotide exchange protein SMCR8 (Smith-Magenis syndrome chromosomal region candidate gene 8 protein)	SMCR8	autophagy [GO:0006914]; negative regulation of autophagosome assembly [GO:1902902]; negative regulation of exocytosis [GO:0045920]; negative regulation of gene expression [GO:0010629]; negative regulation of immune response [GO:0050777]; negative regulation of macroautophagy [GO:0016242]; positive regulation of autophagosome maturation [GO:1901098]; positive regulation of TOR signaling [GO:0032008]; regulation of autophagy [GO:0010506]; regulation of TORC1 signaling [GO:1903432]
Synaptosomal-associated protein 29 (SNAP-29) (Soluble 29 kDa NSF attachment protein) (Vesicle-membrane fusion protein SNAP-29)	SNAP29	autophagosome maturation [GO:0097352]; autophagosome membrane docking [GO:0016240]; cilium assembly [GO:0060271]; exocytosis [GO:0006887]; membrane fusion [GO:0061025]; protein transport [GO:0015031]; synaptic vesicle fusion to presynaptic active zone membrane [GO:0031629]; synaptic vesicle priming [GO:0016082]; vesicle targeting [GO:0006903]
Spermatogenesis-associated protein 33	SPATA33 C16orf55	mitophagy [GO:0000423]
Sequestosome-1 (EBI3-associated protein of 60 kDa) (EBIAP) (p60) (Phosphotyrosine-independent ligand for the Lck SH2 domain of 62 kDa) (Ubiquitin-binding protein p62) (p62)	SQSTM1 ORCA OSIL	aggrephagy [GO:0035973]; apoptotic process [GO:0006915]; autophagy [GO:0006914]; autophagy of mitochondrion [GO:0000422]; brown fat cell proliferation [GO:0070342]; cell differentiation [GO:0030154]; cellular response to stress [GO:0033554]; endosomal transport [GO:0016197]; endosome organization [GO:0007032]; energy homeostasis [GO:0097009]; immune system process [GO:0002376]; intracellular protein localization [GO:0008104]; intracellular signal transduction [GO:0035556]; macroautophagy [GO:0016236]; membraneless organelle assembly [GO:0140694]; mitophagy [GO:0000423]; negative regulation of ferroptosis [GO:0110076]; negative regulation of protein ubiquitination [GO:0031397]; negative regulation of toll-like receptor 4 signaling pathway [GO:0034144]; negative regulation of transcription by RNA polymerase II [GO:0000122]; pexophagy [GO:0000425]; positive regulation of apoptotic process [GO:0043065]; positive regulation of autophagy [GO:0010508]; positive regulation of long-term synaptic potentiation [GO:1900273]; positive regulation of protein localization to plasma membrane [GO:1903078]; positive regulation of transcription by RNA polymerase II [GO:0045944]; protein catabolic process [GO:0030163]; protein import into nucleus [GO:0006606]; protein localization to perinuclear region of cytoplasm [GO:1905719]; protein targeting to vacuole involved in autophagy [GO:0071211]; regulation of canonical NF-kappaB signal transduction [GO:0043122]; regulation of mitochondrion organization [GO:0010821]; regulation of protein complex stability [GO:0061635]; regulation of Ras protein signal transduction [GO:0046578]; response to ischemia [GO:0002931]; response to mitochondrial depolarisation [GO:0098780]; temperature homeostasis [GO:0001659]; transcription by RNA polymerase II [GO:0006366]; ubiquitin-dependent protein catabolic process [GO:0006511]
Starch-binding domain-containing protein 1 (Genethonin-1) (Glycophagy cargo receptor STBD1)	STBD1 GENX-3414	glycogen catabolic process [GO:0005980]; glycophagy [GO:0061723]; lysosomal transport [GO:0007041]; substrate localization to autophagosome [GO:0061753]
Stimulator of interferon genes protein (hSTING) (Endoplasmic reticulum interferon stimulator) (ERIS) (Mediator of IRF3 activation) (hMITA) (Transmembrane protein 173)	STING1 ERIS MITA STING TMEM173	activation of innate immune response [GO:0002218]; antiviral innate immune response [GO:0140374]; autophagosome assembly [GO:0000045]; cellular response to exogenous dsRNA [GO:0071360]; cellular response to interferon-beta [GO:0035458]; cGAS/STING signaling pathway [GO:0140896]; cytoplasmic pattern recognition receptor signaling pathway [GO:0002753]; defense response to virus [GO:0051607]; innate immune response [GO:0045087]; pattern recognition receptor signaling pathway [GO:0002221]; positive regulation of defense response to virus by host [GO:0002230]; positive regulation of interferon-beta production [GO:0032728]; positive regulation of macroautophagy [GO:0016239]; positive regulation of transcription by RNA polymerase II [GO:0045944]; positive regulation of type I interferon production [GO:0032481]; positive regulation of type I interferon-mediated signaling pathway [GO:0060340]; protein complex oligomerization [GO:0051259]; protein localization to endoplasmic reticulum [GO:0070972]; regulation of inflammatory response [GO:0050727]; reticulophagy [GO:0061709]
Serine/threonine-protein kinase STK11 (EC 2.7.11.1) (Liver kinase B1) (LKB1) (hLKB1) (Renal carcinoma antigen NY-REN-19)	STK11 LKB1 PJS	activation of protein kinase activity [GO:0032147]; anoikis [GO:0043276]; autophagy [GO:0006914]; axonogenesis [GO:0007409]; cellular response to UV-B [GO:0071493]; dendrite extension [GO:0097484]; DNA damage response [GO:0006974]; epithelial cell proliferation involved in prostate gland development [GO:0060767]; establishment of cell polarity [GO:0030010]; G1 to G0 transition [GO:0070314]; glucose homeostasis [GO:0042593]; Golgi localization [GO:0051645]; intrinsic apoptotic signaling pathway by p53 class mediator [GO:0072332]; negative regulation of canonical Wnt signaling pathway [GO:0090090]; negative regulation of cell growth [GO:0030308]; negative regulation of cell population proliferation [GO:0008285]; negative regulation of cold-induced thermogenesis [GO:0120163]; negative regulation of epithelial cell proliferation involved in prostate gland development [GO:0060770]; negative regulation of TORC1 signaling [GO:1904262]; peptidyl-threonine phosphorylation [GO:0018107]; positive regulation of autophagy [GO:0010508]; positive regulation of axonogenesis [GO:0050772]; positive regulation of protein localization to nucleus [GO:1900182]; positive regulation of transforming growth factor beta receptor signaling pathway [GO:0030511]; positive regulation of vesicle transport along microtubule [GO:1901610]; positive thymic T cell selection [GO:0045059]; protein autophosphorylation [GO:0046777]; protein dephosphorylation [GO:0006470]; protein localization to nucleus [GO:0034504]; protein phosphorylation [GO:0006468]; regulation of cell cycle [GO:0051726]; regulation of cell growth [GO:0001558]; regulation of dendrite morphogenesis [GO:0048814]; regulation of phosphatidylinositol 3-kinase/protein kinase B signal transduction [GO:0051896]; regulation of signal transduction by p53 class mediator [GO:1901796]; regulation of Wnt signaling pathway [GO:0030111]; response to ionizing radiation [GO:0010212]; signal transduction [GO:0007165]; spermatogenesis [GO:0007283]; T cell receptor signaling pathway [GO:0050852]; tissue homeostasis [GO:0001894]; vasculature development [GO:0001944]
Syntaxin-17	STX17	autophagosome maturation [GO:0097352]; autophagosome membrane docking [GO:0016240]; autophagosome-lysosome fusion [GO:0061909]; endoplasmic reticulum to Golgi vesicle-mediated transport [GO:0006888]; endoplasmic reticulum-Golgi intermediate compartment organization [GO:0097111]; exocytosis [GO:0006887]; Golgi organization [GO:0007030]; intracellular protein transport [GO:0006886]; protein localization to phagophore assembly site [GO:0034497]; vesicle docking [GO:0048278]; vesicle fusion [GO:0006906]
Transcription factor SPT20 homolog (p38-interacting protein) (p38IP)	SUPT20H C13orf19 FAM48A FP757	autophagy [GO:0006914]; gastrulation [GO:0007369]; positive regulation of DNA-templated transcription [GO:0045893]; regulation of DNA repair [GO:0006282]; regulation of RNA splicing [GO:0043484]; regulation of transcription by RNA polymerase II [GO:0006357]
Tax1-binding protein 1 (TRAF6-binding protein)	TAX1BP1 T6BP PRO0105	apoptotic process [GO:0006915]; autophagy [GO:0006914]; innate immune response [GO:0045087]; negative regulation of apoptotic process [GO:0043066]; negative regulation of canonical NF-kappaB signal transduction [GO:0043124]; negative regulation of cytoplasmic pattern recognition receptor signaling pathway [GO:0039532]; negative regulation of interleukin-1-mediated signaling pathway [GO:2000660]; negative regulation of toll-like receptor 4 signaling pathway [GO:0034144]; negative regulation of tumor necrosis factor-mediated signaling pathway [GO:0010804]; protein localization to phagocytic vesicle [GO:1905161]
TBC1 domain family member 14	TBC1D14 KIAA1322	autophagy [GO:0006914]; negative regulation of autophagy [GO:0010507]; recycling endosome to Golgi transport [GO:0071955]; regulation of autophagosome assembly [GO:2000785]
TBC1 domain family member 17	TBC1D17	autophagy [GO:0006914]; protein transport [GO:0015031]; retrograde transport, endosome to Golgi [GO:0042147]
TBC1 domain family member 25	TBC1D25 OATL1	autophagy [GO:0006914]; regulation of autophagosome maturation [GO:1901096]
TBC1 domain family member 5	TBC1D5 KIAA0210	autophagy [GO:0006914]; macroautophagy [GO:0016236]; positive regulation of receptor internalization [GO:0002092]; protein transport [GO:0015031]; response to starvation [GO:0042594]; retrograde transport, endosome to Golgi [GO:0042147]
Tectonin beta-propeller repeat-containing protein 1	TECPR1 KIAA1358	autophagosome maturation [GO:0097352]; autophagy [GO:0006914]; macroautophagy [GO:0016236]; regulation of autophagosome maturation [GO:1901096]
Tectonin beta-propeller repeat-containing protein 2 (WD repeat-containing protein KIAA0329/KIAA0297)	TECPR2 KIAA0297 KIAA0329	autophagy [GO:0006914]; protein exit from endoplasmic reticulum [GO:0032527]
Testis-expressed protein 264 (Putative secreted protein Zsig11)	TEX264 ZSIG11 UNQ337/PRO536	protein-DNA covalent cross-linking repair [GO:0106300]; reticulophagy [GO:0061709]
Transcription factor EB (Class E basic helix-loop-helix protein 35) (bHLHe35)	TFEB BHLHE35	adaptive immune response [GO:0002250]; antibacterial innate immune response [GO:0140367]; autophagy [GO:0006914]; cellular response to amino acid starvation [GO:0034198]; cellular response to starvation [GO:0009267]; defense response to Gram-negative bacterium [GO:0050829]; embryonic placenta development [GO:0001892]; humoral immune response [GO:0006959]; lysosome localization [GO:0032418]; lysosome organization [GO:0007040]; positive regulation of autophagy [GO:0010508]; positive regulation of DNA-templated transcription [GO:0045893]; positive regulation of transcription by RNA polymerase II [GO:0045944]; regulation of DNA-templated transcription [GO:0006355]; regulation of lysosome organization [GO:1905671]; regulation of transcription by RNA polymerase II [GO:0006357]
Fructose-2,6-bisphosphatase TIGAR (EC 3.1.3.46) (TP53-induced glycolysis and apoptosis regulator) (TP53-induced glycolysis regulatory phosphatase)	TIGAR C12orf5	cardiac muscle cell apoptotic process [GO:0010659]; cellular response to cobalt ion [GO:0071279]; cellular response to hypoxia [GO:0071456]; DNA damage response [GO:0006974]; fructose 2,6-bisphosphate metabolic process [GO:0006003]; glucose catabolic process to lactate via pyruvate [GO:0019661]; glycolytic process [GO:0006096]; intestinal epithelial cell development [GO:0060576]; mitophagy [GO:0000423]; negative regulation of glucose catabolic process to lactate via pyruvate [GO:1904024]; negative regulation of glycolytic process [GO:0045820]; negative regulation of mitophagy [GO:1901525]; negative regulation of programmed cell death [GO:0043069]; negative regulation of reactive oxygen species metabolic process [GO:2000378]; positive regulation of cardiac muscle cell apoptotic process [GO:0010666]; positive regulation of DNA repair [GO:0045739]; positive regulation of hexokinase activity [GO:1903301]; positive regulation of pentose-phosphate shunt [GO:1905857]; reactive oxygen species metabolic process [GO:0072593]; regulation of pentose-phosphate shunt [GO:0043456]; regulation of response to DNA damage checkpoint signaling [GO:1902153]; response to gamma radiation [GO:0010332]; response to ischemia [GO:0002931]; response to xenobiotic stimulus [GO:0009410]
Transmembrane 9 superfamily member 1 (MP70 protein family member) (hMP70)	TM9SF1	autophagy [GO:0006914]; protein localization to membrane [GO:0072657]
Bax inhibitor 1 (BI-1) (Testis-enhanced gene transcript protein) (Transmembrane BAX inhibitor motif-containing protein 6)	TMBIM6 BI1 TEGT	autophagy [GO:0006914]; cellular response to unfolded protein [GO:0034620]; endoplasmic reticulum calcium ion homeostasis [GO:0032469]; negative regulation of apoptotic process [GO:0043066]; negative regulation of apoptotic signaling pathway [GO:2001234]; negative regulation of calcium ion transport into cytosol [GO:0010523]; negative regulation of endoplasmic reticulum stress-induced intrinsic apoptotic signaling pathway [GO:1902236]; negative regulation of hypoxia-induced intrinsic apoptotic signaling pathway [GO:1903298]; negative regulation of immunoglobulin production [GO:0002638]; negative regulation of IRE1-mediated unfolded protein response [GO:1903895]; negative regulation of RNA splicing [GO:0033119]; negative regulation of transcription by RNA polymerase II [GO:0000122]; neuron intrinsic apoptotic signaling pathway in response to endoplasmic reticulum stress [GO:0036483]; response to L-glutamate [GO:1902065]
Modulator of macroautophagy TMEM150B (Protein DRAM-3) (Transmembrane protein 150B) (Transmembrane protein 224)	TMEM150B TMEM224	autophagy [GO:0006914]
Transmembrane protein 208	TMEM208 HSPC171	autophagy [GO:0006914]; vacuolar protein processing [GO:0006624]
Transmembrane protein 39A	TMEM39A SUSR2	autophagy [GO:0006914]; negative regulation of autophagosome assembly [GO:1902902]; negative regulation of autophagosome maturation [GO:1901097]; positive regulation of viral genome replication [GO:0045070]
Transmembrane protein 41B (Protein stasimon)	TMEM41B KIAA0033	autophagosome assembly [GO:0000045]; host-mediated perturbation of viral RNA genome replication [GO:0044830]; intracellular lipid transport [GO:0032365]; nervous system development [GO:0007399]
Transmembrane protein 59 (Liver membrane-bound protein)	TMEM59 C1orf8 HSPC001 UNQ169/PRO195	autophagy [GO:0006914]; glycoprotein biosynthetic process [GO:0009101]; negative regulation of protein localization to plasma membrane [GO:1903077]; positive regulation of autophagy [GO:0010508]
Transmembrane protein 74	TMEM74	general adaptation syndrome, behavioral process [GO:0051867]; macroautophagy [GO:0016236]
Toll-interacting protein	TOLLIP	autophagy [GO:0006914]; epithelial cell differentiation [GO:0030855]; inflammatory response [GO:0006954]; innate immune response [GO:0045087]; interleukin-1-mediated signaling pathway [GO:0070498]; leukocyte activation [GO:0045321]; phosphorylation [GO:0016310]; positive regulation of protein sumoylation [GO:0033235]; protein localization to endosome [GO:0036010]; signal transduction [GO:0007165]; ubiquitin-dependent protein catabolic process [GO:0006511]
Tumor protein p53-inducible nuclear protein 1 (Stress-induced protein) (p53-dependent damage-inducible nuclear protein 1) (p53DINP1)	TP53INP1 P53DINP1 SIP	apoptotic process [GO:0006915]; autophagic cell death [GO:0048102]; autophagosome assembly [GO:0000045]; cellular response to ethanol [GO:0071361]; cellular response to hydroperoxide [GO:0071447]; cellular response to methyl methanesulfonate [GO:0072703]; cellular response to UV [GO:0034644]; negative regulation of cell migration [GO:0030336]; negative regulation of cell population proliferation [GO:0008285]; negative regulation of fibroblast proliferation [GO:0048147]; negative regulation of gene expression [GO:0010629]; negative regulation of myofibroblast differentiation [GO:1904761]; positive regulation of apoptotic process [GO:0043065]; positive regulation of autophagy [GO:0010508]; positive regulation of DNA-templated transcription [GO:0045893]; positive regulation of gene expression [GO:0010628]; regulation of cell cycle [GO:0051726]; response to heat [GO:0009408]
Tumor protein p53-inducible nuclear protein 2 (Diabetes and obesity-regulated gene) (p53-inducible protein U) (PIG-U)	TP53INP2 C20orf110 DOR PINH	autophagosome assembly [GO:0000045]; intracellular protein localization [GO:0008104]; negative regulation of protein localization [GO:1903828]; osteoblast differentiation [GO:0001649]; positive regulation of DNA-templated transcription [GO:0045893]; tissue homeostasis [GO:0001894]; ubiquitin-dependent protein catabolic process [GO:0006511]
Tripartite motif-containing protein 5 (EC 2.3.2.27) (RING finger protein 88) (RING-type E3 ubiquitin transferase TRIM5)	TRIM5 RNF88	activation of innate immune response [GO:0002218]; autophagy [GO:0006914]; defense response to virus [GO:0051607]; host-mediated suppression of symbiont invasion [GO:0046597]; innate immune response [GO:0045087]; positive regulation of canonical NF-kappaB signal transduction [GO:0043123]; positive regulation of MAPK cascade [GO:0043410]; positive regulation of NF-kappaB transcription factor activity [GO:0051092]; protein K63-linked ubiquitination [GO:0070534]; regulation of gene expression [GO:0010468]; regulation of lipopolysaccharide-mediated signaling pathway [GO:0031664]; regulation of protein localization [GO:0032880]; regulation of viral entry into host cell [GO:0046596]; suppression of viral release by host [GO:0044790]
Ubiquilin-1 (Protein linking IAP with cytoskeleton 1) (PLIC-1) (hPLIC-1)	UBQLN1 DA41 PLIC1	aggrephagy [GO:0035973]; autophagosome assembly [GO:0000045]; autophagosome maturation [GO:0097352]; cellular response to hypoxia [GO:0071456]; ERAD pathway [GO:0036503]; macroautophagy [GO:0016236]; negative regulation of store-operated calcium channel activity [GO:1901340]; negative regulation of toll-like receptor 3 signaling pathway [GO:0034140]; positive regulation of ERAD pathway [GO:1904294]; positive regulation of protein ubiquitination [GO:0031398]; regulation of macroautophagy [GO:0016241]; regulation of oxidative stress-induced intrinsic apoptotic signaling pathway [GO:1902175]; regulation of protein ubiquitination [GO:0031396]; response to endoplasmic reticulum stress [GO:0034976]; ubiquitin-dependent protein catabolic process [GO:0006511]
Ubiquilin-2 (Chap1) (DSK2 homolog) (Protein linking IAP with cytoskeleton 2) (PLIC-2) (hPLIC-2) (Ubiquitin-like product Chap1/Dsk2)	UBQLN2 N4BP4 PLIC2 HRIHFB2157	autophagosome assembly [GO:0000045]; ERAD pathway [GO:0036503]; negative regulation of clathrin-dependent endocytosis [GO:1900186]; negative regulation of G protein-coupled receptor internalization [GO:1904021]; positive regulation of ERAD pathway [GO:1904294]; regulation of autophagosome assembly [GO:2000785]; regulation of macroautophagy [GO:0016241]; ubiquitin-dependent protein catabolic process [GO:0006511]
Ubiquilin-4 (Ataxin-1 interacting ubiquitin-like protein) (A1Up) (Ataxin-1 ubiquitin-like-interacting protein A1U) (Connexin43-interacting protein of 75 kDa) (CIP75)	UBQLN4 C1orf6 CIP75 UBIN	autophagy [GO:0006914]; DNA damage response [GO:0006974]; DNA repair [GO:0006281]; negative regulation of autophagosome maturation [GO:1901097]; negative regulation of double-strand break repair via homologous recombination [GO:2000042]; regulation of proteasomal ubiquitin-dependent protein catabolic process [GO:0032434]; ubiquitin-dependent protein catabolic process [GO:0006511]
Serine/threonine-protein kinase ULK1 (EC 2.7.11.1) (Autophagy-related protein 1 homolog) (ATG1) (hATG1) (Unc-51-like kinase 1)	ULK1 KIAA0722	autophagosome assembly [GO:0000045]; autophagy [GO:0006914]; axon extension [GO:0048675]; cellular response to nutrient levels [GO:0031669]; cellular response to stress [GO:0033554]; intracellular protein localization [GO:0008104]; macroautophagy [GO:0016236]; mitophagy [GO:0000423]; negative regulation of cell population proliferation [GO:0008285]; negative regulation of collateral sprouting [GO:0048671]; negative regulation of protein-containing complex assembly [GO:0031333]; neuron projection development [GO:0031175]; neuron projection regeneration [GO:0031102]; peptidyl-serine phosphorylation [GO:0018105]; piecemeal microautophagy of the nucleus [GO:0034727]; positive regulation of autophagosome assembly [GO:2000786]; positive regulation of autophagy [GO:0010508]; protein autophosphorylation [GO:0046777]; protein phosphorylation [GO:0006468]; regulation of autophagy [GO:0010506]; regulation of macroautophagy [GO:0016241]; regulation of tumor necrosis factor-mediated signaling pathway [GO:0010803]; response to starvation [GO:0042594]; reticulophagy [GO:0061709]; signal transduction [GO:0007165]
Serine/threonine-protein kinase ULK2 (EC 2.7.11.1) (Unc-51-like kinase 2)	ULK2 KIAA0623	autophagosome assembly [GO:0000045]; autophagy [GO:0006914]; axon extension [GO:0048675]; axon guidance [GO:0007411]; collateral sprouting [GO:0048668]; intracellular protein localization [GO:0008104]; mitophagy [GO:0000423]; negative regulation of collateral sprouting [GO:0048671]; piecemeal microautophagy of the nucleus [GO:0034727]; protein autophosphorylation [GO:0046777]; regulation of autophagy [GO:0010506]; response to starvation [GO:0042594]; reticulophagy [GO:0061709]; signal transduction [GO:0007165]; somatic sensory system development [GO:0160038]
Serine/threonine-protein kinase ULK3 (EC 2.7.11.1) (Unc-51-like kinase 3)	ULK3	autophagosome assembly [GO:0000045]; autophagy [GO:0006914]; cellular senescence [GO:0090398]; fibroblast activation [GO:0072537]; mitophagy [GO:0000423]; negative regulation of smoothened signaling pathway [GO:0045879]; piecemeal microautophagy of the nucleus [GO:0034727]; positive regulation of smoothened signaling pathway [GO:0045880]; protein autophosphorylation [GO:0046777]; regulation of autophagy [GO:0010506]; response to starvation [GO:0042594]; reticulophagy [GO:0061709]; smoothened signaling pathway [GO:0007224]
Ubiquitin carboxyl-terminal hydrolase 10 (EC 3.4.19.12) (Deubiquitinating enzyme 10) (Ubiquitin thioesterase 10) (Ubiquitin-specific-processing protease 10)	USP10 KIAA0190	autophagy [GO:0006914]; cellular response to interleukin-1 [GO:0071347]; DNA damage response [GO:0006974]; DNA damage response, signal transduction by p53 class mediator [GO:0030330]; DNA repair [GO:0006281]; innate immune response [GO:0045087]; monoubiquitinated protein deubiquitination [GO:0035520]; negative regulation of canonical NF-kappaB signal transduction [GO:0043124]; negative regulation of stress granule assembly [GO:0062030]; protein deubiquitination [GO:0016579]; proteolysis [GO:0006508]; regulation of autophagy [GO:0010506]; regulation of protein stability [GO:0031647]; rescue of stalled ribosome [GO:0072344]; translesion synthesis [GO:0019985]
Ubiquitin carboxyl-terminal hydrolase 13 (EC 3.4.19.12) (Deubiquitinating enzyme 13) (Isopeptidase T-3) (ISOT-3) (Ubiquitin thioesterase 13) (Ubiquitin-specific-processing protease 13)	USP13 ISOT3	autophagy [GO:0006914]; cell population proliferation [GO:0008283]; maintenance of unfolded protein [GO:0036506]; melanocyte differentiation [GO:0030318]; positive regulation of ERAD pathway [GO:1904294]; protein deubiquitination [GO:0016579]; protein K29-linked deubiquitination [GO:0035523]; protein K6-linked deubiquitination [GO:0044313]; protein K63-linked deubiquitination [GO:0070536]; protein stabilization [GO:0050821]; proteolysis [GO:0006508]; regulation of autophagy [GO:0010506]; regulation of DNA-templated transcription [GO:0006355]; regulation of protein stability [GO:0031647]
Vesicle-associated membrane protein 8 (VAMP-8) (Endobrevin) (EDB)	VAMP8	autophagosome maturation [GO:0097352]; autophagosome membrane docking [GO:0016240]; defense response to virus [GO:0051607]; mucus secretion [GO:0070254]; negative regulation of secretion by cell [GO:1903531]; positive regulation of histamine secretion by mast cell [GO:1903595]; protein transport [GO:0015031]; regulation of protein localization to plasma membrane [GO:1903076]; SNARE complex assembly [GO:0035493]; symbiont entry into host cell [GO:0046718]; vesicle fusion [GO:0006906]
Transitional endoplasmic reticulum ATPase (TER ATPase) (EC 3.6.4.6) (15S Mg(2+)-ATPase p97 subunit) (Valosin-containing protein) (VCP)	VCP HEL-220 HEL-S-70	aggresome assembly [GO:0070842]; ATP metabolic process [GO:0046034]; autophagosome maturation [GO:0097352]; autophagy [GO:0006914]; cellular response to arsenite ion [GO:1903843]; cellular response to heat [GO:0034605]; cellular response to misfolded protein [GO:0071218]; cytoplasm protein quality control [GO:0140455]; DNA damage response [GO:0006974]; DNA repair [GO:0006281]; double-strand break repair [GO:0006302]; endoplasmic reticulum stress-induced pre-emptive quality control [GO:0061857]; endoplasmic reticulum to Golgi vesicle-mediated transport [GO:0006888]; endoplasmic reticulum unfolded protein response [GO:0030968]; endosome to lysosome transport via multivesicular body sorting pathway [GO:0032510]; ERAD pathway [GO:0036503]; establishment of protein localization [GO:0045184]; flavin adenine dinucleotide catabolic process [GO:0072389]; interstrand cross-link repair [GO:0036297]; macroautophagy [GO:0016236]; mitotic spindle disassembly [GO:0051228]; NAD+ metabolic process [GO:0019674]; negative regulation of hippo signaling [GO:0035331]; negative regulation of protein localization to chromatin [GO:0120186]; negative regulation of smoothened signaling pathway [GO:0045879]; positive regulation of ATP biosynthetic process [GO:2001171]; positive regulation of canonical Wnt signaling pathway [GO:0090263]; positive regulation of mitochondrial membrane potential [GO:0010918]; positive regulation of non-canonical NF-kappaB signal transduction [GO:1901224]; positive regulation of oxidative phosphorylation [GO:1903862]; positive regulation of proteasomal ubiquitin-dependent protein catabolic process [GO:0032436]; positive regulation of protein catabolic process [GO:0045732]; positive regulation of protein K63-linked deubiquitination [GO:1903006]; positive regulation of protein-containing complex assembly [GO:0031334]; proteasomal protein catabolic process [GO:0010498]; proteasome-mediated ubiquitin-dependent protein catabolic process [GO:0043161]; protein ubiquitination [GO:0016567]; protein-DNA covalent cross-linking repair [GO:0106300]; regulation of aerobic respiration [GO:1903715]; regulation of apoptotic process [GO:0042981]; regulation of protein localization to chromatin [GO:1905634]; regulation of synapse organization [GO:0050807]; retrograde protein transport, ER to cytosol [GO:0030970]; stress granule disassembly [GO:0035617]; translesion synthesis [GO:0019985]; ubiquitin-dependent protein catabolic process [GO:0006511]; viral genome replication [GO:0019079]
Vacuole membrane protein 1 (Transmembrane protein 49)	VMP1 TDC1 TMEM49 HSPC292	autophagosome assembly [GO:0000045]; autophagosome membrane docking [GO:0016240]; autophagy [GO:0006914]; cell junction assembly [GO:0034329]; cell-cell adhesion [GO:0098609]; embryo implantation [GO:0007566]; Golgi organization [GO:0007030]; lipoprotein transport [GO:0042953]; mitochondrion-endoplasmic reticulum membrane tethering [GO:1990456]; organelle localization by membrane tethering [GO:0140056]; positive regulation of ATPase-coupled calcium transmembrane transporter activity [GO:1901896]
Vacuolar protein sorting-associated protein 11 homolog (hVPS11) (RING finger protein 108)	VPS11 RNF108 PP3476	autophagy [GO:0006914]; endosomal vesicle fusion [GO:0034058]; endosome organization [GO:0007032]; endosome to lysosome transport [GO:0008333]; intracellular protein transport [GO:0006886]; negative regulation of intracellular estrogen receptor signaling pathway [GO:0033147]; organelle fusion [GO:0048284]; positive regulation of early endosome to late endosome transport [GO:2000643]; positive regulation of protein catabolic process [GO:0045732]; positive regulation of protein targeting to mitochondrion [GO:1903955]; protein ubiquitination [GO:0016567]; regulation of organelle assembly [GO:1902115]; regulation of protein stability [GO:0031647]; regulation of SNARE complex assembly [GO:0035542]; vacuole organization [GO:0007033]; vesicle docking involved in exocytosis [GO:0006904]
Vacuolar protein sorting-associated protein 18 homolog (hVPS18)	VPS18 KIAA1475	autophagy [GO:0006914]; endosomal vesicle fusion [GO:0034058]; endosome organization [GO:0007032]; endosome to lysosome transport [GO:0008333]; intracellular protein transport [GO:0006886]; lysosome organization [GO:0007040]; negative regulation of intracellular estrogen receptor signaling pathway [GO:0033147]; organelle fusion [GO:0048284]; protein ubiquitination [GO:0016567]; regulation of SNARE complex assembly [GO:0035542]; regulation of synaptic vesicle exocytosis [GO:2000300]; symbiont entry into host cell [GO:0046718]; vesicle docking involved in exocytosis [GO:0006904]
Vam6/Vps39-like protein (TRAP1-like protein) (hVam6p)	VPS39 KIAA0770 TLP VAM6	autophagosome-lysosome fusion [GO:0061909]; autophagy [GO:0006914]; endocytic recycling [GO:0032456]; endosomal vesicle fusion [GO:0034058]; endosome to lysosome transport [GO:0008333]; intracellular protein transport [GO:0006886]; late endosome to lysosome transport [GO:1902774]; regulation of SNARE complex assembly [GO:0035542]
Vacuolar protein sorting-associated protein 41 homolog (S53)	VPS41	cellular response to starvation [GO:0009267]; endosomal vesicle fusion [GO:0034058]; endosome to lysosome transport [GO:0008333]; Golgi vesicle transport [GO:0048193]; late endosome to lysosome transport [GO:1902774]; macroautophagy [GO:0016236]; protein targeting to vacuole [GO:0006623]; regulation of SNARE complex assembly [GO:0035542]; vesicle-mediated transport [GO:0016192]
WD repeat and FYVE domain-containing protein 3 (Autophagy-linked FYVE protein) (Alfy)	WDFY3 KIAA0993	aggrephagy [GO:0035973]
WD repeat- and FYVE domain-containing protein 4	WDFY4 C10orf64 KIAA1607	antigen processing and presentation [GO:0019882]; autophagy [GO:0006914]; CD8-positive, alpha-beta T cell activation [GO:0036037]; cellular response to virus [GO:0098586]
GATOR2 complex protein WDR24 (EC 2.3.2.27) (WD repeat-containing protein 24)	WDR24 C16orf21 JFP7	autophagy [GO:0006914]; cellular response to amino acid starvation [GO:0034198]; cellular response to nutrient levels [GO:0031669]; negative regulation of TORC1 signaling [GO:1904262]; positive regulation of macroautophagy [GO:0016239]; positive regulation of TOR signaling [GO:0032008]; positive regulation of TORC1 signaling [GO:1904263]; protein K6-linked ubiquitination [GO:0085020]; protein localization to plasma membrane [GO:0072659]; regulation of autophagy [GO:0010506]
WD repeat-containing protein 41	WDR41 MSTP048	autophagy [GO:0006914]; negative regulation of exocytosis [GO:0045920]; negative regulation of immune response [GO:0050777]; regulation of autophagy [GO:0010506]
WD repeat domain phosphoinositide-interacting protein 4 (WIPI-4) (WD repeat-containing protein 45)	WDR45 WDRX1 WDRXI4 WIPI4 JM5	autophagosome assembly [GO:0000045]; autophagy [GO:0006914]; autophagy of mitochondrion [GO:0000422]; cellular response to starvation [GO:0009267]; glycophagy [GO:0061723]; nucleophagy [GO:0044804]; pexophagy [GO:0000425]; positive regulation of autophagosome assembly [GO:2000786]; protein localization to phagophore assembly site [GO:0034497]
WD repeat domain phosphoinositide-interacting protein 3 (WIPI-3) (WD repeat-containing protein 45-like) (WDR45-like protein) (WD repeat-containing protein 45B) (WIPI49-like protein)	WDR45B WDR45L WIPI3	autophagosome assembly [GO:0000045]; autophagy of mitochondrion [GO:0000422]; cellular response to starvation [GO:0009267]; glycophagy [GO:0061723]; nucleophagy [GO:0044804]; pexophagy [GO:0000425]; protein localization to phagophore assembly site [GO:0034497]
WD repeat domain phosphoinositide-interacting protein 1 (WIPI-1) (Atg18 protein homolog) (WD40 repeat protein interacting with phosphoinositides of 49 kDa) (WIPI 49 kDa)	WIPI1 WIPI49	autophagosome assembly [GO:0000045]; autophagy [GO:0006914]; autophagy of mitochondrion [GO:0000422]; cellular response to starvation [GO:0009267]; glycophagy [GO:0061723]; nucleophagy [GO:0044804]; pexophagy [GO:0000425]; positive regulation of autophagosome assembly [GO:2000786]; protein localization to phagophore assembly site [GO:0034497]; vesicle targeting, trans-Golgi to endosome [GO:0048203]
WD repeat domain phosphoinositide-interacting protein 2 (WIPI-2) (WIPI49-like protein 2)	WIPI2 CGI-50	autophagosome assembly [GO:0000045]; autophagy of mitochondrion [GO:0000422]; cellular response to starvation [GO:0009267]; glycophagy [GO:0061723]; nucleophagy [GO:0044804]; pexophagy [GO:0000425]; protein localization to phagophore assembly site [GO:0034497]
X-box-binding protein 1 (XBP-1) (Tax-responsive element-binding protein 5) (TREB-5) [Cleaved into: X-box-binding protein 1, cytoplasmic form; X-box-binding protein 1, luminal form]	XBP1 TREB5 XBP2	adipose tissue development [GO:0060612]; angiogenesis [GO:0001525]; ATF6-mediated unfolded protein response [GO:0036500]; autophagy [GO:0006914]; cellular response to amino acid stimulus [GO:0071230]; cellular response to fluid shear stress [GO:0071498]; cellular response to fructose stimulus [GO:0071332]; cellular response to glucose starvation [GO:0042149]; cellular response to glucose stimulus [GO:0071333]; cellular response to insulin stimulus [GO:0032869]; cellular response to interleukin-4 [GO:0071353]; cellular response to laminar fluid shear stress [GO:0071499]; cellular response to leukemia inhibitory factor [GO:1990830]; cellular response to lipopolysaccharide [GO:0071222]; cellular response to nutrient [GO:0031670]; cellular response to oxidative stress [GO:0034599]; cellular response to peptide hormone stimulus [GO:0071375]; cellular response to vascular endothelial growth factor stimulus [GO:0035924]; cholesterol homeostasis [GO:0042632]; endoplasmic reticulum unfolded protein response [GO:0030968]; endothelial cell proliferation [GO:0001935]; epithelial cell maturation involved in salivary gland development [GO:0060691]; ERAD pathway [GO:0036503]; exocrine pancreas development [GO:0031017]; fatty acid biosynthetic process [GO:0006633]; fatty acid homeostasis [GO:0055089]; glandular epithelial cell maturation [GO:0002071]; immune response [GO:0006955]; intracellular triglyceride homeostasis [GO:0035356]; intrinsic apoptotic signaling pathway in response to endoplasmic reticulum stress [GO:0070059]; IRE1-mediated unfolded protein response [GO:0036498]; liver development [GO:0001889]; muscle organ development [GO:0007517]; negative regulation of apoptotic process [GO:0043066]; negative regulation of endoplasmic reticulum stress-induced intrinsic apoptotic signaling pathway [GO:1902236]; negative regulation of endoplasmic reticulum unfolded protein response [GO:1900102]; negative regulation of ERK1 and ERK2 cascade [GO:0070373]; negative regulation of myotube differentiation [GO:0010832]; negative regulation of SMAD protein signal transduction [GO:0060392]; negative regulation of transcription by RNA polymerase II [GO:0000122]; negative regulation of transforming growth factor beta receptor signaling pathway [GO:0030512]; negative regulation of translation [GO:0017148]; neuron development [GO:0048666]; phosphatidylinositol 3-kinase/protein kinase B signal transduction [GO:0043491]; positive regulation of angiogenesis [GO:0045766]; positive regulation of autophagy [GO:0010508]; positive regulation of B cell differentiation [GO:0045579]; positive regulation of cell migration [GO:0030335]; positive regulation of cell population proliferation [GO:0008284]; positive regulation of cytokine production involved in inflammatory response [GO:1900017]; positive regulation of endothelial cell apoptotic process [GO:2000353]; positive regulation of ERAD pathway [GO:1904294]; positive regulation of fat cell differentiation [GO:0045600]; positive regulation of hepatocyte proliferation [GO:2000347]; positive regulation of immunoglobulin production [GO:0002639]; positive regulation of interleukin-6 production [GO:0032755]; positive regulation of lactation [GO:1903489]; positive regulation of MHC class II biosynthetic process [GO:0045348]; positive regulation of phosphatidylinositol 3-kinase/protein kinase B signal transduction [GO:0051897]; positive regulation of phospholipid biosynthetic process [GO:0071073]; positive regulation of plasma cell differentiation [GO:1900100]; positive regulation of protein acetylation [GO:1901985]; positive regulation of protein import into nucleus [GO:0042307]; positive regulation of protein phosphorylation [GO:0001934]; positive regulation of T cell differentiation [GO:0045582]; positive regulation of TOR signaling [GO:0032008]; positive regulation of transcription by RNA polymerase II [GO:0045944]; positive regulation of vascular associated smooth muscle cell migration [GO:1904754]; positive regulation of vascular associated smooth muscle cell proliferation [GO:1904707]; positive regulation of vascular wound healing [GO:0035470]; protein destabilization [GO:0031648]; protein transport [GO:0015031]; regulation of autophagy [GO:0010506]; regulation of cell growth [GO:0001558]; regulation of protein stability [GO:0031647]; regulation of transcription by RNA polymerase II [GO:0006357]; response to endoplasmic reticulum stress [GO:0034976]; response to insulin-like growth factor stimulus [GO:1990418]; sterol homeostasis [GO:0055092]; transcription by RNA polymerase II [GO:0006366]; ubiquitin-dependent protein catabolic process [GO:0006511]; vascular endothelial growth factor receptor signaling pathway [GO:0048010]
Zinc finger protein with KRAB and SCAN domains 3 (Zinc finger and SCAN domain-containing protein 13) (Zinc finger protein 306) (Zinc finger protein 309) (Zinc finger protein 47 homolog) (Zf47) (Zfp-47)	ZKSCAN3 ZFP47 ZNF306 ZNF309 ZSCAN13	autophagy [GO:0006914]; lysosome organization [GO:0007040]; negative regulation of autophagy [GO:0010507]; negative regulation of cellular senescence [GO:2000773]; negative regulation of DNA-templated transcription [GO:0045892]; negative regulation of transcription by RNA polymerase II [GO:0000122]; positive regulation of DNA-templated transcription [GO:0045893]; regulation of transcription by RNA polymerase II [GO:0006357]